fecha,termino,interes
2025-07-20,playeras,48
2025-07-27,playeras,50
2025-08-03,playeras,49
2025-08-10,playeras,48
2025-08-17,playeras,49
2025-08-24,playeras,47
2025-08-31,playeras,46
2025-09-07,playeras,45
2025-09-14,playeras,43
2025-09-21,playeras,43
2025-09-28,playeras,41
2025-10-05,playeras,41
2025-10-12,playeras,45
2025-10-19,playeras,43
2025-10-26,playeras,43
2025-11-02,playeras,45
2025-11-09,playeras,47
2025-11-16,playeras,44
2025-11-23,playeras,48
2025-11-30,playeras,46
2025-12-07,playeras,48
2025-12-14,playeras,52
2025-12-21,playeras,53
2025-12-28,playeras,39
2026-01-04,playeras,43
2026-01-11,playeras,37
2026-01-18,playeras,43
2026-01-25,playeras,42
2026-02-01,playeras,43
2026-02-08,playeras,48
2026-02-15,playeras,42
2026-02-22,playeras,44
2026-03-01,playeras,47
2026-03-08,playeras,46
2026-03-15,playeras,43
2026-03-22,playeras,53
2026-03-29,playeras,50
2026-04-05,playeras,49
2026-04-12,playeras,52
2026-04-19,playeras,57
2026-04-26,playeras,55
2026-05-03,playeras,47
2026-05-10,playeras,47
2026-05-17,playeras,55
2026-05-24,playeras,58
2026-05-31,playeras,67
2026-06-07,playeras,100
2026-06-14,playeras,85
2026-06-21,playeras,68
2026-06-28,playeras,73
2026-07-05,playeras,56
2026-07-12,playeras,54
2026-07-19,playeras,56
2026-07-26,playeras,48
2025-07-20,camisetas,8
2025-07-27,camisetas,8
2025-08-03,camisetas,8
2025-08-10,camisetas,8
2025-08-17,camisetas,9
2025-08-24,camisetas,9
2025-08-31,camisetas,8
2025-09-07,camisetas,7
2025-09-14,camisetas,6
2025-09-21,camisetas,7
2025-09-28,camisetas,7
2025-10-05,camisetas,7
2025-10-12,camisetas,7
2025-10-19,camisetas,7
2025-10-26,camisetas,7
2025-11-02,camisetas,7
2025-11-09,camisetas,8
2025-11-16,camisetas,7
2025-11-23,camisetas,7
2025-11-30,camisetas,8
2025-12-07,camisetas,7
2025-12-14,camisetas,8
2025-12-21,camisetas,7
2025-12-28,camisetas,6
2026-01-04,camisetas,6
2026-01-11,camisetas,6
2026-01-18,camisetas,6
2026-01-25,camisetas,6
2026-02-01,camisetas,7
2026-02-08,camisetas,7
2026-02-15,camisetas,6
2026-02-22,camisetas,6
2026-03-01,camisetas,7
2026-03-08,camisetas,6
2026-03-15,camisetas,6
2026-03-22,camisetas,7
2026-03-29,camisetas,7
2026-04-05,camisetas,7
2026-04-12,camisetas,7
2026-04-19,camisetas,7
2026-04-26,camisetas,8
2026-05-03,camisetas,7
2026-05-10,camisetas,6
2026-05-17,camisetas,7
2026-05-24,camisetas,8
2026-05-31,camisetas,10
2026-06-07,camisetas,12
2026-06-14,camisetas,11
2026-06-21,camisetas,9
2026-06-28,camisetas,10
2026-07-05,camisetas,8
2026-07-12,camisetas,8
2026-07-19,camisetas,8
2026-07-26,camisetas,7
2025-07-20,blusas,15
2025-07-27,blusas,15
2025-08-03,blusas,15
2025-08-10,blusas,14
2025-08-17,blusas,15
2025-08-24,blusas,15
2025-08-31,blusas,14
2025-09-07,blusas,16
2025-09-14,blusas,14
2025-09-21,blusas,13
2025-09-28,blusas,13
2025-10-05,blusas,13
2025-10-12,blusas,14
2025-10-19,blusas,14
2025-10-26,blusas,12
2025-11-02,blusas,13
2025-11-09,blusas,15
2025-11-16,blusas,16
2025-11-23,blusas,14
2025-11-30,blusas,15
2025-12-07,blusas,16
2025-12-14,blusas,18
2025-12-21,blusas,16
2025-12-28,blusas,12
2026-01-04,blusas,11
2026-01-11,blusas,11
2026-01-18,blusas,10
2026-01-25,blusas,12
2026-02-01,blusas,11
2026-02-08,blusas,12
2026-02-15,blusas,13
2026-02-22,blusas,12
2026-03-01,blusas,15
2026-03-08,blusas,15
2026-03-15,blusas,14
2026-03-22,blusas,15
2026-03-29,blusas,14
2026-04-05,blusas,14
2026-04-12,blusas,15
2026-04-19,blusas,16
2026-04-26,blusas,16
2026-05-03,blusas,18
2026-05-10,blusas,14
2026-05-17,blusas,15
2026-05-24,blusas,15
2026-05-31,blusas,16
2026-06-07,blusas,14
2026-06-14,blusas,13
2026-06-21,blusas,13
2026-06-28,blusas,14
2026-07-05,blusas,14
2026-07-12,blusas,14
2026-07-19,blusas,16
2026-07-26,blusas,13
2025-07-20,camisas,31
2025-07-27,camisas,30
2025-08-03,camisas,30
2025-08-10,camisas,30
2025-08-17,camisas,31
2025-08-24,camisas,29
2025-08-31,camisas,27
2025-09-07,camisas,28
2025-09-14,camisas,26
2025-09-21,camisas,27
2025-09-28,camisas,26
2025-10-05,camisas,26
2025-10-12,camisas,27
2025-10-19,camisas,29
2025-10-26,camisas,29
2025-11-02,camisas,28
2025-11-09,camisas,30
2025-11-16,camisas,31
2025-11-23,camisas,30
2025-11-30,camisas,33
2025-12-07,camisas,36
2025-12-14,camisas,38
2025-12-21,camisas,41
2025-12-28,camisas,29
2026-01-04,camisas,27
2026-01-11,camisas,25
2026-01-18,camisas,24
2026-01-25,camisas,24
2026-02-01,camisas,26
2026-02-08,camisas,29
2026-02-15,camisas,29
2026-02-22,camisas,24
2026-03-01,camisas,28
2026-03-08,camisas,28
2026-03-15,camisas,26
2026-03-22,camisas,30
2026-03-29,camisas,29
2026-04-05,camisas,29
2026-04-12,camisas,29
2026-04-19,camisas,31
2026-04-26,camisas,33
2026-05-03,camisas,31
2026-05-10,camisas,30
2026-05-17,camisas,32
2026-05-24,camisas,33
2026-05-31,camisas,35
2026-06-07,camisas,37
2026-06-14,camisas,38
2026-06-21,camisas,32
2026-06-28,camisas,32
2026-07-05,camisas,30
2026-07-12,camisas,32
2026-07-19,camisas,32
2026-07-26,camisas,32
2025-07-20,polos,6
2025-07-27,polos,6
2025-08-03,polos,7
2025-08-10,polos,6
2025-08-17,polos,7
2025-08-24,polos,7
2025-08-31,polos,6
2025-09-07,polos,7
2025-09-14,polos,6
2025-09-21,polos,7
2025-09-28,polos,6
2025-10-05,polos,7
2025-10-12,polos,7
2025-10-19,polos,7
2025-10-26,polos,7
2025-11-02,polos,7
2025-11-09,polos,7
2025-11-16,polos,6
2025-11-23,polos,7
2025-11-30,polos,7
2025-12-07,polos,6
2025-12-14,polos,6
2025-12-21,polos,5
2025-12-28,polos,5
2026-01-04,polos,5
2026-01-11,polos,6
2026-01-18,polos,7
2026-01-25,polos,7
2026-02-01,polos,7
2026-02-08,polos,7
2026-02-15,polos,7
2026-02-22,polos,7
2026-03-01,polos,7
2026-03-08,polos,8
2026-03-15,polos,7
2026-03-22,polos,8
2026-03-29,polos,6
2026-04-05,polos,7
2026-04-12,polos,8
2026-04-19,polos,7
2026-04-26,polos,7
2026-05-03,polos,7
2026-05-10,polos,8
2026-05-17,polos,8
2026-05-24,polos,7
2026-05-31,polos,8
2026-06-07,polos,7
2026-06-14,polos,7
2026-06-21,polos,6
2026-06-28,polos,6
2026-07-05,polos,6
2026-07-12,polos,7
2026-07-19,polos,7
2026-07-26,polos,5
2025-07-20,sudaderas,29
2025-07-27,sudaderas,26
2025-08-03,sudaderas,27
2025-08-10,sudaderas,27
2025-08-17,sudaderas,26
2025-08-24,sudaderas,28
2025-08-31,sudaderas,26
2025-09-07,sudaderas,29
2025-09-14,sudaderas,27
2025-09-21,sudaderas,28
2025-09-28,sudaderas,32
2025-10-05,sudaderas,34
2025-10-12,sudaderas,36
2025-10-19,sudaderas,35
2025-10-26,sudaderas,38
2025-11-02,sudaderas,50
2025-11-09,sudaderas,74
2025-11-16,sudaderas,66
2025-11-23,sudaderas,68
2025-11-30,sudaderas,79
2025-12-07,sudaderas,86
2025-12-14,sudaderas,87
2025-12-21,sudaderas,81
2025-12-28,sudaderas,54
2026-01-04,sudaderas,47
2026-01-11,sudaderas,46
2026-01-18,sudaderas,47
2026-01-25,sudaderas,48
2026-02-01,sudaderas,48
2026-02-08,sudaderas,43
2026-02-15,sudaderas,27
2026-02-22,sudaderas,28
2026-03-01,sudaderas,29
2026-03-08,sudaderas,25
2026-03-15,sudaderas,27
2026-03-22,sudaderas,25
2026-03-29,sudaderas,31
2026-04-05,sudaderas,28
2026-04-12,sudaderas,26
2026-04-19,sudaderas,25
2026-04-26,sudaderas,26
2026-05-03,sudaderas,21
2026-05-10,sudaderas,22
2026-05-17,sudaderas,20
2026-05-24,sudaderas,24
2026-05-31,sudaderas,24
2026-06-07,sudaderas,26
2026-06-14,sudaderas,23
2026-06-21,sudaderas,22
2026-06-28,sudaderas,23
2026-07-05,sudaderas,21
2026-07-12,sudaderas,26
2026-07-19,sudaderas,24
2026-07-26,sudaderas,25
2025-07-20,hoodies,2
2025-07-27,hoodies,3
2025-08-03,hoodies,3
2025-08-10,hoodies,4
2025-08-17,hoodies,4
2025-08-24,hoodies,3
2025-08-31,hoodies,4
2025-09-07,hoodies,3
2025-09-14,hoodies,3
2025-09-21,hoodies,3
2025-09-28,hoodies,4
2025-10-05,hoodies,5
2025-10-12,hoodies,4
2025-10-19,hoodies,4
2025-10-26,hoodies,5
2025-11-02,hoodies,6
2025-11-09,hoodies,9
2025-11-16,hoodies,9
2025-11-23,hoodies,9
2025-11-30,hoodies,11
2025-12-07,hoodies,11
2025-12-14,hoodies,9
2025-12-21,hoodies,9
2025-12-28,hoodies,8
2026-01-04,hoodies,7
2026-01-11,hoodies,7
2026-01-18,hoodies,6
2026-01-25,hoodies,7
2026-02-01,hoodies,9
2026-02-08,hoodies,27
2026-02-15,hoodies,17
2026-02-22,hoodies,13
2026-03-01,hoodies,5
2026-03-08,hoodies,5
2026-03-15,hoodies,5
2026-03-22,hoodies,4
2026-03-29,hoodies,5
2026-04-05,hoodies,5
2026-04-12,hoodies,4
2026-04-19,hoodies,5
2026-04-26,hoodies,5
2026-05-03,hoodies,7
2026-05-10,hoodies,7
2026-05-17,hoodies,4
2026-05-24,hoodies,5
2026-05-31,hoodies,4
2026-06-07,hoodies,3
2026-06-14,hoodies,3
2026-06-21,hoodies,4
2026-06-28,hoodies,4
2026-07-05,hoodies,4
2026-07-12,hoodies,4
2026-07-19,hoodies,3
2026-07-26,hoodies,2
2025-07-20,chamarras,32
2025-07-27,chamarras,34
2025-08-03,chamarras,32
2025-08-10,chamarras,29
2025-08-17,chamarras,29
2025-08-24,chamarras,31
2025-08-31,chamarras,32
2025-09-07,chamarras,29
2025-09-14,chamarras,31
2025-09-21,chamarras,31
2025-09-28,chamarras,37
2025-10-05,chamarras,45
2025-10-12,chamarras,47
2025-10-19,chamarras,41
2025-10-26,chamarras,47
2025-11-02,chamarras,67
2025-11-09,chamarras,100
2025-11-16,chamarras,79
2025-11-23,chamarras,77
2025-11-30,chamarras,84
2025-12-07,chamarras,84
2025-12-14,chamarras,98
2025-12-21,chamarras,96
2025-12-28,chamarras,69
2026-01-04,chamarras,49
2026-01-11,chamarras,65
2026-01-18,chamarras,54
2026-01-25,chamarras,56
2026-02-01,chamarras,50
2026-02-08,chamarras,32
2026-02-15,chamarras,27
2026-02-22,chamarras,27
2026-03-01,chamarras,24
2026-03-08,chamarras,24
2026-03-15,chamarras,26
2026-03-22,chamarras,25
2026-03-29,chamarras,28
2026-04-05,chamarras,24
2026-04-12,chamarras,22
2026-04-19,chamarras,23
2026-04-26,chamarras,22
2026-05-03,chamarras,18
2026-05-10,chamarras,21
2026-05-17,chamarras,21
2026-05-24,chamarras,22
2026-05-31,chamarras,24
2026-06-07,chamarras,26
2026-06-14,chamarras,23
2026-06-21,chamarras,23
2026-06-28,chamarras,24
2026-07-05,chamarras,24
2026-07-12,chamarras,26
2026-07-19,chamarras,25
2026-07-26,chamarras,22
2025-07-20,abrigos,5
2025-07-27,abrigos,5
2025-08-03,abrigos,5
2025-08-10,abrigos,4
2025-08-17,abrigos,5
2025-08-24,abrigos,6
2025-08-31,abrigos,6
2025-09-07,abrigos,6
2025-09-14,abrigos,6
2025-09-21,abrigos,7
2025-09-28,abrigos,7
2025-10-05,abrigos,9
2025-10-12,abrigos,9
2025-10-19,abrigos,9
2025-10-26,abrigos,8
2025-11-02,abrigos,13
2025-11-09,abrigos,26
2025-11-16,abrigos,19
2025-11-23,abrigos,18
2025-11-30,abrigos,19
2025-12-07,abrigos,21
2025-12-14,abrigos,24
2025-12-21,abrigos,19
2025-12-28,abrigos,16
2026-01-04,abrigos,9
2026-01-11,abrigos,12
2026-01-18,abrigos,12
2026-01-25,abrigos,12
2026-02-01,abrigos,10
2026-02-08,abrigos,6
2026-02-15,abrigos,5
2026-02-22,abrigos,4
2026-03-01,abrigos,3
2026-03-08,abrigos,3
2026-03-15,abrigos,4
2026-03-22,abrigos,4
2026-03-29,abrigos,4
2026-04-05,abrigos,3
2026-04-12,abrigos,4
2026-04-19,abrigos,3
2026-04-26,abrigos,2
2026-05-03,abrigos,2
2026-05-10,abrigos,3
2026-05-17,abrigos,3
2026-05-24,abrigos,3
2026-05-31,abrigos,2
2026-06-07,abrigos,4
2026-06-14,abrigos,3
2026-06-21,abrigos,3
2026-06-28,abrigos,3
2026-07-05,abrigos,4
2026-07-12,abrigos,4
2026-07-19,abrigos,4
2026-07-26,abrigos,6
2025-07-20,suéteres,2
2025-07-27,suéteres,3
2025-08-03,suéteres,2
2025-08-10,suéteres,2
2025-08-17,suéteres,2
2025-08-24,suéteres,3
2025-08-31,suéteres,2
2025-09-07,suéteres,3
2025-09-14,suéteres,2
2025-09-21,suéteres,3
2025-09-28,suéteres,4
2025-10-05,suéteres,4
2025-10-12,suéteres,3
2025-10-19,suéteres,4
2025-10-26,suéteres,4
2025-11-02,suéteres,7
2025-11-09,suéteres,9
2025-11-16,suéteres,8
2025-11-23,suéteres,10
2025-11-30,suéteres,14
2025-12-07,suéteres,13
2025-12-14,suéteres,14
2025-12-21,suéteres,9
2025-12-28,suéteres,6
2026-01-04,suéteres,4
2026-01-11,suéteres,4
2026-01-18,suéteres,4
2026-01-25,suéteres,5
2026-02-01,suéteres,4
2026-02-08,suéteres,2
2026-02-15,suéteres,2
2026-02-22,suéteres,2
2026-03-01,suéteres,2
2026-03-08,suéteres,2
2026-03-15,suéteres,2
2026-03-22,suéteres,2
2026-03-29,suéteres,2
2026-04-05,suéteres,2
2026-04-12,suéteres,3
2026-04-19,suéteres,2
2026-04-26,suéteres,2
2026-05-03,suéteres,2
2026-05-10,suéteres,2
2026-05-17,suéteres,2
2026-05-24,suéteres,2
2026-05-31,suéteres,2
2026-06-07,suéteres,3
2026-06-14,suéteres,2
2026-06-21,suéteres,1
2026-06-28,suéteres,2
2026-07-05,suéteres,3
2026-07-12,suéteres,2
2026-07-19,suéteres,2
2026-07-26,suéteres,2
2025-07-20,jeans,51
2025-07-27,jeans,55
2025-08-03,jeans,56
2025-08-10,jeans,53
2025-08-17,jeans,50
2025-08-24,jeans,49
2025-08-31,jeans,45
2025-09-07,jeans,41
2025-09-14,jeans,40
2025-09-21,jeans,41
2025-09-28,jeans,41
2025-10-05,jeans,45
2025-10-12,jeans,47
2025-10-19,jeans,47
2025-10-26,jeans,48
2025-11-02,jeans,49
2025-11-09,jeans,55
2025-11-16,jeans,57
2025-11-23,jeans,56
2025-11-30,jeans,59
2025-12-07,jeans,63
2025-12-14,jeans,67
2025-12-21,jeans,70
2025-12-28,jeans,76
2026-01-04,jeans,63
2026-01-11,jeans,52
2026-01-18,jeans,52
2026-01-25,jeans,49
2026-02-01,jeans,52
2026-02-08,jeans,54
2026-02-15,jeans,57
2026-02-22,jeans,51
2026-03-01,jeans,45
2026-03-08,jeans,46
2026-03-15,jeans,48
2026-03-22,jeans,49
2026-03-29,jeans,54
2026-04-05,jeans,53
2026-04-12,jeans,46
2026-04-19,jeans,48
2026-04-26,jeans,48
2026-05-03,jeans,50
2026-05-10,jeans,47
2026-05-17,jeans,47
2026-05-24,jeans,50
2026-05-31,jeans,48
2026-06-07,jeans,45
2026-06-14,jeans,44
2026-06-21,jeans,59
2026-06-28,jeans,44
2026-07-05,jeans,47
2026-07-12,jeans,49
2026-07-19,jeans,57
2026-07-26,jeans,47
2025-07-20,pantalones,66
2025-07-27,pantalones,69
2025-08-03,pantalones,67
2025-08-10,pantalones,64
2025-08-17,pantalones,63
2025-08-24,pantalones,61
2025-08-31,pantalones,58
2025-09-07,pantalones,53
2025-09-14,pantalones,52
2025-09-21,pantalones,52
2025-09-28,pantalones,53
2025-10-05,pantalones,53
2025-10-12,pantalones,55
2025-10-19,pantalones,58
2025-10-26,pantalones,61
2025-11-02,pantalones,56
2025-11-09,pantalones,67
2025-11-16,pantalones,72
2025-11-23,pantalones,69
2025-11-30,pantalones,70
2025-12-07,pantalones,76
2025-12-14,pantalones,90
2025-12-21,pantalones,100
2025-12-28,pantalones,82
2026-01-04,pantalones,68
2026-01-11,pantalones,61
2026-01-18,pantalones,58
2026-01-25,pantalones,59
2026-02-01,pantalones,59
2026-02-08,pantalones,54
2026-02-15,pantalones,57
2026-02-22,pantalones,58
2026-03-01,pantalones,56
2026-03-08,pantalones,58
2026-03-15,pantalones,57
2026-03-22,pantalones,63
2026-03-29,pantalones,63
2026-04-05,pantalones,58
2026-04-12,pantalones,58
2026-04-19,pantalones,57
2026-04-26,pantalones,62
2026-05-03,pantalones,59
2026-05-10,pantalones,58
2026-05-17,pantalones,58
2026-05-24,pantalones,62
2026-05-31,pantalones,61
2026-06-07,pantalones,53
2026-06-14,pantalones,54
2026-06-21,pantalones,53
2026-06-28,pantalones,56
2026-07-05,pantalones,55
2026-07-12,pantalones,64
2026-07-19,pantalones,69
2026-07-26,pantalones,65
2025-07-20,pantalones cargo,3
2025-07-27,pantalones cargo,3
2025-08-03,pantalones cargo,4
2025-08-10,pantalones cargo,3
2025-08-17,pantalones cargo,3
2025-08-24,pantalones cargo,3
2025-08-31,pantalones cargo,2
2025-09-07,pantalones cargo,2
2025-09-14,pantalones cargo,2
2025-09-21,pantalones cargo,2
2025-09-28,pantalones cargo,2
2025-10-05,pantalones cargo,3
2025-10-12,pantalones cargo,2
2025-10-19,pantalones cargo,2
2025-10-26,pantalones cargo,3
2025-11-02,pantalones cargo,3
2025-11-09,pantalones cargo,3
2025-11-16,pantalones cargo,3
2025-11-23,pantalones cargo,2
2025-11-30,pantalones cargo,3
2025-12-07,pantalones cargo,4
2025-12-14,pantalones cargo,4
2025-12-21,pantalones cargo,5
2025-12-28,pantalones cargo,3
2026-01-04,pantalones cargo,2
2026-01-11,pantalones cargo,2
2026-01-18,pantalones cargo,2
2026-01-25,pantalones cargo,2
2026-02-01,pantalones cargo,2
2026-02-08,pantalones cargo,2
2026-02-15,pantalones cargo,2
2026-02-22,pantalones cargo,2
2026-03-01,pantalones cargo,2
2026-03-08,pantalones cargo,2
2026-03-15,pantalones cargo,2
2026-03-22,pantalones cargo,2
2026-03-29,pantalones cargo,2
2026-04-05,pantalones cargo,2
2026-04-12,pantalones cargo,2
2026-04-19,pantalones cargo,3
2026-04-26,pantalones cargo,2
2026-05-03,pantalones cargo,2
2026-05-10,pantalones cargo,2
2026-05-17,pantalones cargo,2
2026-05-24,pantalones cargo,2
2026-05-31,pantalones cargo,2
2026-06-07,pantalones cargo,1
2026-06-14,pantalones cargo,2
2026-06-21,pantalones cargo,2
2026-06-28,pantalones cargo,2
2026-07-05,pantalones cargo,2
2026-07-12,pantalones cargo,2
2026-07-19,pantalones cargo,2
2026-07-26,pantalones cargo,2
2025-07-20,shorts,26
2025-07-27,shorts,25
2025-08-03,shorts,27
2025-08-10,shorts,27
2025-08-17,shorts,25
2025-08-24,shorts,24
2025-08-31,shorts,22
2025-09-07,shorts,20
2025-09-14,shorts,22
2025-09-21,shorts,22
2025-09-28,shorts,20
2025-10-05,shorts,20
2025-10-12,shorts,22
2025-10-19,shorts,23
2025-10-26,shorts,24
2025-11-02,shorts,23
2025-11-09,shorts,25
2025-11-16,shorts,27
2025-11-23,shorts,27
2025-11-30,shorts,27
2025-12-07,shorts,29
2025-12-14,shorts,28
2025-12-21,shorts,28
2025-12-28,shorts,29
2026-01-04,shorts,25
2026-01-11,shorts,22
2026-01-18,shorts,24
2026-01-25,shorts,26
2026-02-01,shorts,27
2026-02-08,shorts,31
2026-02-15,shorts,34
2026-02-22,shorts,30
2026-03-01,shorts,31
2026-03-08,shorts,32
2026-03-15,shorts,35
2026-03-22,shorts,34
2026-03-29,shorts,38
2026-04-05,shorts,35
2026-04-12,shorts,33
2026-04-19,shorts,32
2026-04-26,shorts,36
2026-05-03,shorts,36
2026-05-10,shorts,34
2026-05-17,shorts,35
2026-05-24,shorts,33
2026-05-31,shorts,34
2026-06-07,shorts,29
2026-06-14,shorts,31
2026-06-21,shorts,37
2026-06-28,shorts,33
2026-07-05,shorts,35
2026-07-12,shorts,30
2026-07-19,shorts,33
2026-07-26,shorts,29
2025-07-20,joggers,1
2025-07-27,joggers,1
2025-08-03,joggers,1
2025-08-10,joggers,2
2025-08-17,joggers,1
2025-08-24,joggers,1
2025-08-31,joggers,1
2025-09-07,joggers,1
2025-09-14,joggers,1
2025-09-21,joggers,1
2025-09-28,joggers,1
2025-10-05,joggers,1
2025-10-12,joggers,1
2025-10-19,joggers,1
2025-10-26,joggers,1
2025-11-02,joggers,2
2025-11-09,joggers,1
2025-11-16,joggers,3
2025-11-23,joggers,2
2025-11-30,joggers,2
2025-12-07,joggers,2
2025-12-14,joggers,2
2025-12-21,joggers,2
2025-12-28,joggers,2
2026-01-04,joggers,1
2026-01-11,joggers,1
2026-01-18,joggers,1
2026-01-25,joggers,2
2026-02-01,joggers,1
2026-02-08,joggers,2
2026-02-15,joggers,2
2026-02-22,joggers,1
2026-03-01,joggers,1
2026-03-08,joggers,1
2026-03-15,joggers,1
2026-03-22,joggers,1
2026-03-29,joggers,1
2026-04-05,joggers,1
2026-04-12,joggers,1
2026-04-19,joggers,1
2026-04-26,joggers,1
2026-05-03,joggers,1
2026-05-10,joggers,1
2026-05-17,joggers,1
2026-05-24,joggers,1
2026-05-31,joggers,1
2026-06-07,joggers,1
2026-06-14,joggers,1
2026-06-21,joggers,1
2026-06-28,joggers,1
2026-07-05,joggers,2
2026-07-12,joggers,1
2026-07-19,joggers,1
2026-07-26,joggers,1
2025-07-20,vestidos,17
2025-07-27,vestidos,16
2025-08-03,vestidos,16
2025-08-10,vestidos,15
2025-08-17,vestidos,14
2025-08-24,vestidos,14
2025-08-31,vestidos,13
2025-09-07,vestidos,15
2025-09-14,vestidos,15
2025-09-21,vestidos,15
2025-09-28,vestidos,16
2025-10-05,vestidos,17
2025-10-12,vestidos,17
2025-10-19,vestidos,19
2025-10-26,vestidos,17
2025-11-02,vestidos,16
2025-11-09,vestidos,19
2025-11-16,vestidos,19
2025-11-23,vestidos,18
2025-11-30,vestidos,18
2025-12-07,vestidos,18
2025-12-14,vestidos,15
2025-12-21,vestidos,14
2025-12-28,vestidos,13
2026-01-04,vestidos,16
2026-01-11,vestidos,16
2026-01-18,vestidos,17
2026-01-25,vestidos,17
2026-02-01,vestidos,17
2026-02-08,vestidos,15
2026-02-15,vestidos,16
2026-02-22,vestidos,16
2026-03-01,vestidos,18
2026-03-08,vestidos,20
2026-03-15,vestidos,18
2026-03-22,vestidos,18
2026-03-29,vestidos,18
2026-04-05,vestidos,18
2026-04-12,vestidos,18
2026-04-19,vestidos,19
2026-04-26,vestidos,19
2026-05-03,vestidos,19
2026-05-10,vestidos,18
2026-05-17,vestidos,19
2026-05-24,vestidos,19
2026-05-31,vestidos,20
2026-06-07,vestidos,18
2026-06-14,vestidos,16
2026-06-21,vestidos,16
2026-06-28,vestidos,15
2026-07-05,vestidos,16
2026-07-12,vestidos,16
2026-07-19,vestidos,16
2026-07-26,vestidos,16
2025-07-20,faldas,2
2025-07-27,faldas,2
2025-08-03,faldas,2
2025-08-10,faldas,2
2025-08-17,faldas,2
2025-08-24,faldas,2
2025-08-31,faldas,2
2025-09-07,faldas,2
2025-09-14,faldas,2
2025-09-21,faldas,2
2025-09-28,faldas,2
2025-10-05,faldas,2
2025-10-12,faldas,2
2025-10-19,faldas,2
2025-10-26,faldas,2
2025-11-02,faldas,2
2025-11-09,faldas,3
2025-11-16,faldas,2
2025-11-23,faldas,3
2025-11-30,faldas,3
2025-12-07,faldas,3
2025-12-14,faldas,3
2025-12-21,faldas,3
2025-12-28,faldas,2
2026-01-04,faldas,2
2026-01-11,faldas,2
2026-01-18,faldas,2
2026-01-25,faldas,2
2026-02-01,faldas,2
2026-02-08,faldas,2
2026-02-15,faldas,2
2026-02-22,faldas,2
2026-03-01,faldas,2
2026-03-08,faldas,2
2026-03-15,faldas,2
2026-03-22,faldas,2
2026-03-29,faldas,2
2026-04-05,faldas,2
2026-04-12,faldas,2
2026-04-19,faldas,2
2026-04-26,faldas,2
2026-05-03,faldas,2
2026-05-10,faldas,2
2026-05-17,faldas,2
2026-05-24,faldas,2
2026-05-31,faldas,2
2026-06-07,faldas,2
2026-06-14,faldas,2
2026-06-21,faldas,2
2026-06-28,faldas,2
2026-07-05,faldas,2
2026-07-12,faldas,2
2026-07-19,faldas,2
2026-07-26,faldas,2
2025-07-20,leggins,1
2025-07-27,leggins,1
2025-08-03,leggins,1
2025-08-10,leggins,1
2025-08-17,leggins,1
2025-08-24,leggins,1
2025-08-31,leggins,1
2025-09-07,leggins,1
2025-09-14,leggins,1
2025-09-21,leggins,1
2025-09-28,leggins,1
2025-10-05,leggins,1
2025-10-12,leggins,1
2025-10-19,leggins,1
2025-10-26,leggins,1
2025-11-02,leggins,1
2025-11-09,leggins,2
2025-11-16,leggins,2
2025-11-23,leggins,2
2025-11-30,leggins,2
2025-12-07,leggins,2
2025-12-14,leggins,2
2025-12-21,leggins,2
2025-12-28,leggins,2
2026-01-04,leggins,2
2026-01-11,leggins,2
2026-01-18,leggins,1
2026-01-25,leggins,2
2026-02-01,leggins,2
2026-02-08,leggins,1
2026-02-15,leggins,1
2026-02-22,leggins,1
2026-03-01,leggins,1
2026-03-08,leggins,1
2026-03-15,leggins,1
2026-03-22,leggins,1
2026-03-29,leggins,1
2026-04-05,leggins,1
2026-04-12,leggins,1
2026-04-19,leggins,1
2026-04-26,leggins,1
2026-05-03,leggins,1
2026-05-10,leggins,1
2026-05-17,leggins,1
2026-05-24,leggins,1
2026-05-31,leggins,1
2026-06-07,leggins,1
2026-06-14,leggins,1
2026-06-21,leggins,1
2026-06-28,leggins,1
2026-07-05,leggins,1
2026-07-12,leggins,1
2026-07-19,leggins,1
2026-07-26,leggins,1
2025-07-20,tenis,71
2025-07-27,tenis,74
2025-08-03,tenis,72
2025-08-10,tenis,73
2025-08-17,tenis,72
2025-08-24,tenis,74
2025-08-31,tenis,71
2025-09-07,tenis,59
2025-09-14,tenis,56
2025-09-21,tenis,55
2025-09-28,tenis,59
2025-10-05,tenis,61
2025-10-12,tenis,59
2025-10-19,tenis,61
2025-10-26,tenis,57
2025-11-02,tenis,62
2025-11-09,tenis,83
2025-11-16,tenis,85
2025-11-23,tenis,72
2025-11-30,tenis,75
2025-12-07,tenis,83
2025-12-14,tenis,92
2025-12-21,tenis,100
2025-12-28,tenis,81
2026-01-04,tenis,71
2026-01-11,tenis,64
2026-01-18,tenis,66
2026-01-25,tenis,68
2026-02-01,tenis,65
2026-02-08,tenis,59
2026-02-15,tenis,62
2026-02-22,tenis,62
2026-03-01,tenis,60
2026-03-08,tenis,62
2026-03-15,tenis,61
2026-03-22,tenis,62
2026-03-29,tenis,67
2026-04-05,tenis,62
2026-04-12,tenis,64
2026-04-19,tenis,60
2026-04-26,tenis,63
2026-05-03,tenis,63
2026-05-10,tenis,61
2026-05-17,tenis,59
2026-05-24,tenis,77
2026-05-31,tenis,72
2026-06-07,tenis,60
2026-06-14,tenis,57
2026-06-21,tenis,54
2026-06-28,tenis,52
2026-07-05,tenis,58
2026-07-12,tenis,62
2026-07-19,tenis,66
2026-07-26,tenis,66
2025-07-20,botas,25
2025-07-27,botas,33
2025-08-03,botas,28
2025-08-10,botas,27
2025-08-17,botas,27
2025-08-24,botas,27
2025-08-31,botas,27
2025-09-07,botas,23
2025-09-14,botas,22
2025-09-21,botas,21
2025-09-28,botas,23
2025-10-05,botas,26
2025-10-12,botas,26
2025-10-19,botas,25
2025-10-26,botas,26
2025-11-02,botas,27
2025-11-09,botas,34
2025-11-16,botas,34
2025-11-23,botas,33
2025-11-30,botas,36
2025-12-07,botas,43
2025-12-14,botas,44
2025-12-21,botas,44
2025-12-28,botas,35
2026-01-04,botas,24
2026-01-11,botas,24
2026-01-18,botas,24
2026-01-25,botas,23
2026-02-01,botas,23
2026-02-08,botas,20
2026-02-15,botas,17
2026-02-22,botas,17
2026-03-01,botas,18
2026-03-08,botas,18
2026-03-15,botas,18
2026-03-22,botas,18
2026-03-29,botas,19
2026-04-05,botas,18
2026-04-12,botas,19
2026-04-19,botas,19
2026-04-26,botas,20
2026-05-03,botas,18
2026-05-10,botas,18
2026-05-17,botas,18
2026-05-24,botas,21
2026-05-31,botas,20
2026-06-07,botas,21
2026-06-14,botas,18
2026-06-21,botas,18
2026-06-28,botas,18
2026-07-05,botas,19
2026-07-12,botas,21
2026-07-19,botas,21
2026-07-26,botas,21
2025-07-20,bolsas,72
2025-07-27,bolsas,69
2025-08-03,bolsas,68
2025-08-10,bolsas,63
2025-08-17,bolsas,66
2025-08-24,bolsas,63
2025-08-31,bolsas,63
2025-09-07,bolsas,59
2025-09-14,bolsas,54
2025-09-21,bolsas,60
2025-09-28,bolsas,60
2025-10-05,bolsas,60
2025-10-12,bolsas,68
2025-10-19,bolsas,71
2025-10-26,bolsas,68
2025-11-02,bolsas,66
2025-11-09,bolsas,72
2025-11-16,bolsas,79
2025-11-23,bolsas,82
2025-11-30,bolsas,82
2025-12-07,bolsas,92
2025-12-14,bolsas,100
2025-12-21,bolsas,86
2025-12-28,bolsas,68
2026-01-04,bolsas,73
2026-01-11,bolsas,74
2026-01-18,bolsas,64
2026-01-25,bolsas,69
2026-02-01,bolsas,71
2026-02-08,bolsas,71
2026-02-15,bolsas,66
2026-02-22,bolsas,63
2026-03-01,bolsas,66
2026-03-08,bolsas,65
2026-03-15,bolsas,65
2026-03-22,bolsas,70
2026-03-29,bolsas,62
2026-04-05,bolsas,70
2026-04-12,bolsas,76
2026-04-19,bolsas,80
2026-04-26,bolsas,73
2026-05-03,bolsas,83
2026-05-10,bolsas,72
2026-05-17,bolsas,72
2026-05-24,bolsas,68
2026-05-31,bolsas,71
2026-06-07,bolsas,62
2026-06-14,bolsas,58
2026-06-21,bolsas,57
2026-06-28,bolsas,59
2026-07-05,bolsas,59
2026-07-12,bolsas,73
2026-07-19,bolsas,82
2026-07-26,bolsas,69
2025-07-20,gorras,42
2025-07-27,gorras,40
2025-08-03,gorras,37
2025-08-10,gorras,38
2025-08-17,gorras,37
2025-08-24,gorras,36
2025-08-31,gorras,35
2025-09-07,gorras,33
2025-09-14,gorras,35
2025-09-21,gorras,32
2025-09-28,gorras,33
2025-10-05,gorras,34
2025-10-12,gorras,37
2025-10-19,gorras,41
2025-10-26,gorras,38
2025-11-02,gorras,37
2025-11-09,gorras,58
2025-11-16,gorras,47
2025-11-23,gorras,45
2025-11-30,gorras,49
2025-12-07,gorras,55
2025-12-14,gorras,59
2025-12-21,gorras,70
2025-12-28,gorras,53
2026-01-04,gorras,52
2026-01-11,gorras,47
2026-01-18,gorras,46
2026-01-25,gorras,47
2026-02-01,gorras,48
2026-02-08,gorras,47
2026-02-15,gorras,46
2026-02-22,gorras,39
2026-03-01,gorras,40
2026-03-08,gorras,39
2026-03-15,gorras,40
2026-03-22,gorras,38
2026-03-29,gorras,41
2026-04-05,gorras,50
2026-04-12,gorras,41
2026-04-19,gorras,42
2026-04-26,gorras,41
2026-05-03,gorras,35
2026-05-10,gorras,35
2026-05-17,gorras,34
2026-05-24,gorras,34
2026-05-31,gorras,35
2026-06-07,gorras,32
2026-06-14,gorras,32
2026-06-21,gorras,30
2026-06-28,gorras,27
2026-07-05,gorras,26
2026-07-12,gorras,30
2026-07-19,gorras,33
2026-07-26,gorras,31
2025-07-20,streetwear,2
2025-07-27,streetwear,1
2025-08-03,streetwear,1
2025-08-10,streetwear,1
2025-08-17,streetwear,1
2025-08-24,streetwear,1
2025-08-31,streetwear,1
2025-09-07,streetwear,1
2025-09-14,streetwear,1
2025-09-21,streetwear,1
2025-09-28,streetwear,1
2025-10-05,streetwear,1
2025-10-12,streetwear,1
2025-10-19,streetwear,1
2025-10-26,streetwear,1
2025-11-02,streetwear,2
2025-11-09,streetwear,2
2025-11-16,streetwear,2
2025-11-23,streetwear,2
2025-11-30,streetwear,3
2025-12-07,streetwear,2
2025-12-14,streetwear,2
2025-12-21,streetwear,2
2025-12-28,streetwear,2
2026-01-04,streetwear,2
2026-01-11,streetwear,1
2026-01-18,streetwear,2
2026-01-25,streetwear,2
2026-02-01,streetwear,2
2026-02-08,streetwear,3
2026-02-15,streetwear,3
2026-02-22,streetwear,2
2026-03-01,streetwear,2
2026-03-08,streetwear,2
2026-03-15,streetwear,2
2026-03-22,streetwear,2
2026-03-29,streetwear,2
2026-04-05,streetwear,2
2026-04-12,streetwear,2
2026-04-19,streetwear,1
2026-04-26,streetwear,1
2026-05-03,streetwear,1
2026-05-10,streetwear,2
2026-05-17,streetwear,2
2026-05-24,streetwear,2
2026-05-31,streetwear,2
2026-06-07,streetwear,1
2026-06-14,streetwear,1
2026-06-21,streetwear,2
2026-06-28,streetwear,1
2026-07-05,streetwear,1
2026-07-12,streetwear,1
2026-07-19,streetwear,1
2026-07-26,streetwear,1
2025-07-20,oversize,6
2025-07-27,oversize,6
2025-08-03,oversize,6
2025-08-10,oversize,6
2025-08-17,oversize,6
2025-08-24,oversize,5
2025-08-31,oversize,5
2025-09-07,oversize,5
2025-09-14,oversize,5
2025-09-21,oversize,5
2025-09-28,oversize,4
2025-10-05,oversize,5
2025-10-12,oversize,5
2025-10-19,oversize,5
2025-10-26,oversize,5
2025-11-02,oversize,5
2025-11-09,oversize,6
2025-11-16,oversize,6
2025-11-23,oversize,7
2025-11-30,oversize,7
2025-12-07,oversize,7
2025-12-14,oversize,6
2025-12-21,oversize,7
2025-12-28,oversize,5
2026-01-04,oversize,6
2026-01-11,oversize,5
2026-01-18,oversize,5
2026-01-25,oversize,5
2026-02-01,oversize,5
2026-02-08,oversize,5
2026-02-15,oversize,5
2026-02-22,oversize,5
2026-03-01,oversize,4
2026-03-08,oversize,5
2026-03-15,oversize,5
2026-03-22,oversize,5
2026-03-29,oversize,6
2026-04-05,oversize,6
2026-04-12,oversize,5
2026-04-19,oversize,4
2026-04-26,oversize,5
2026-05-03,oversize,5
2026-05-10,oversize,5
2026-05-17,oversize,5
2026-05-24,oversize,5
2026-05-31,oversize,5
2026-06-07,oversize,5
2026-06-14,oversize,5
2026-06-21,oversize,5
2026-06-28,oversize,5
2026-07-05,oversize,5
2026-07-12,oversize,5
2026-07-19,oversize,5
2026-07-26,oversize,5
2025-07-20,ropa vintage,0
2025-07-27,ropa vintage,0
2025-08-03,ropa vintage,0
2025-08-10,ropa vintage,0
2025-08-17,ropa vintage,0
2025-08-24,ropa vintage,0
2025-08-31,ropa vintage,0
2025-09-07,ropa vintage,0
2025-09-14,ropa vintage,0
2025-09-21,ropa vintage,0
2025-09-28,ropa vintage,0
2025-10-05,ropa vintage,0
2025-10-12,ropa vintage,1
2025-10-19,ropa vintage,0
2025-10-26,ropa vintage,1
2025-11-02,ropa vintage,0
2025-11-09,ropa vintage,0
2025-11-16,ropa vintage,0
2025-11-23,ropa vintage,1
2025-11-30,ropa vintage,0
2025-12-07,ropa vintage,0
2025-12-14,ropa vintage,0
2025-12-21,ropa vintage,0
2025-12-28,ropa vintage,0
2026-01-04,ropa vintage,0
2026-01-11,ropa vintage,0
2026-01-18,ropa vintage,0
2026-01-25,ropa vintage,0
2026-02-01,ropa vintage,0
2026-02-08,ropa vintage,0
2026-02-15,ropa vintage,0
2026-02-22,ropa vintage,0
2026-03-01,ropa vintage,0
2026-03-08,ropa vintage,0
2026-03-15,ropa vintage,0
2026-03-22,ropa vintage,0
2026-03-29,ropa vintage,1
2026-04-05,ropa vintage,1
2026-04-12,ropa vintage,0
2026-04-19,ropa vintage,0
2026-04-26,ropa vintage,0
2026-05-03,ropa vintage,1
2026-05-10,ropa vintage,0
2026-05-17,ropa vintage,0
2026-05-24,ropa vintage,0
2026-05-31,ropa vintage,0
2026-06-07,ropa vintage,0
2026-06-14,ropa vintage,0
2026-06-21,ropa vintage,0
2026-06-28,ropa vintage,0
2026-07-05,ropa vintage,0
2026-07-12,ropa vintage,0
2026-07-19,ropa vintage,0
2026-07-26,ropa vintage,0
