id_producto,nombre,marca,color,precio_actual,precio_minimo,precio_maximo,moneda,disponibilidad,proximamente,es_nuevo,en_linea,categoria,tallas_disponibles,cantidad_tallas,stock_total_api,url_producto,url_imagen,fuente
1367091003,Lace-Trimmed Cotton T-Shirt,H&M,Black,19.99,19.99,19.99,USD,Available,False,True,True,ladies_tops_shortsleeve,"XS, XL, L, M, S",5,10,https://www2.hm.com/en_us/productpage.1367091003.html,https://image.hm.com/assets/hm/ab/0e/ab0ea368e4a6cb628e82ebb1d86090c3e77e84e8.jpg,H&M
1369207001,Crochet-Look Cardigan,H&M,Ivory,69.99,69.99,69.99,USD,Available,False,True,True,ladies_cardigansjumpers_cardigans,"M/L, XS/S",2,4,https://www2.hm.com/en_us/productpage.1369207001.html,https://image.hm.com/assets/hm/6b/d8/6bd8899ab0a63a457c11799309ef78f7f3197de3.jpg,H&M
1367091002,Lace-Trimmed Cotton T-Shirt,H&M,White/cream,19.99,19.99,19.99,USD,Available,False,True,True,ladies_tops_shortsleeve,"M, L, S, XL",4,8,https://www2.hm.com/en_us/productpage.1367091002.html,https://image.hm.com/assets/hm/aa/61/aa61e66ca449eb1c93845e52899fc8ef717bac4a.jpg,H&M
1367091001,Lace-Trimmed Cotton T-Shirt,H&M,Burgundy,19.99,19.99,19.99,USD,Available,False,True,True,ladies_tops_shortsleeve,"S, M, XS, L, XL",5,10,https://www2.hm.com/en_us/productpage.1367091001.html,https://image.hm.com/assets/hm/a5/6d/a56df55e0db83448010265f20af0ef83059df8b8.jpg,H&M
1330502003,Lace-Trimmed Skirt,H&M,Black,44.99,44.99,44.99,USD,Available,False,True,True,ladies_skirts_longskirts,"M, L, XS, S",4,8,https://www2.hm.com/en_us/productpage.1330502003.html,https://image.hm.com/assets/hm/cd/1d/cd1dba549f352c454c5ca0fb57ba0eb53ab512c7.jpg,H&M
1362513001,Long-sleeved Knit Top,H&M,Light beige/striped,24.99,24.99,24.99,USD,Available,False,True,True,ladies_tops_knitted,"XS, S, M, L",4,8,https://www2.hm.com/en_us/productpage.1362513001.html,https://image.hm.com/assets/hm/f4/46/f4466920726d80b6f4e88c80270e677fd6f06094.jpg,H&M
1365113001,Poplin Shirt Dress,H&M,Cream/floral,44.99,44.99,44.99,USD,Available,False,True,True,ladies_dresses_mididresses,"XS, S, M, L",4,8,https://www2.hm.com/en_us/productpage.1365113001.html,https://image.hm.com/assets/hm/88/81/888180e8f9749f959a3c708310b3413f6e86a931.jpg,H&M
1343036004,Ribbed Button-Front Top,H&M,White,14.99,14.99,14.99,USD,Available,False,False,True,ladies_tops_shortsleeve,"XXL, S, M, L, XL, XS",6,12,https://www2.hm.com/en_us/productpage.1343036004.html,https://image.hm.com/assets/hm/86/30/8630e5e31c95b499e4301ae8c9f529109b656a1d.jpg,H&M
1351964001,Lace-Trimmed Jacquard-Jersey Pants,H&M,Cream/white,29.99,29.99,29.99,USD,Available,False,False,True,ladies_trousers_highwaisted,"XS, S, M, L",4,8,https://www2.hm.com/en_us/productpage.1351964001.html,https://image.hm.com/assets/hm/6c/52/6c523f77a81aa7c249ecc4aca60ddcc3a10e85db.jpg,H&M
1328441014,Ribbed Boat-Neck Top,H&M,Black,12.99,12.99,12.99,USD,Available,False,True,True,ladies_tops_longsleeve,"S, M, L, XL, XS",5,10,https://www2.hm.com/en_us/productpage.1328441014.html,https://image.hm.com/assets/hm/85/0d/850d7eef9bd9e7e537e3e48296942131e74558b1.jpg,H&M
0579541001,Fine-Knit Cardigan,H&M,Black,17.99,17.99,17.99,USD,Available,False,False,True,ladies_basics_cardigansjumpers,"XS, L, XL, S, M",5,10,https://www2.hm.com/en_us/productpage.0579541001.html,https://image.hm.com/assets/hm/28/74/2874d9c939be32d2a29a169ef39be46379f091d1.jpg,H&M
1351927003,Long-Sleeved Boat-Neck Top,H&M,Dark brown/striped,19.99,19.99,19.99,USD,Available,False,False,True,ladies_tops_longsleeve,"XS, S, XL, M, L",5,10,https://www2.hm.com/en_us/productpage.1351927003.html,https://image.hm.com/assets/hm/99/2d/992d2ad2e0e30a68b20b93cb820dd02491d3ad5f.jpg,H&M
1345596002,Long-Sleeved Cotton Top,H&M,Pink/striped,19.99,19.99,19.99,USD,Available,False,True,True,ladies_tops_longsleeve,"S, XS, XXL, XL, L, M",6,12,https://www2.hm.com/en_us/productpage.1345596002.html,https://image.hm.com/assets/hm/c6/76/c676ec73b9790b101c25e3ba7422787aab47fc7f.jpg,H&M
1341808001,Fitted T-Shirt,H&M,White,14.99,14.99,14.99,USD,Available,False,False,True,ladies_basics_tops_shortsleeve,"XS, S, M, L, XL, XXL",6,12,https://www2.hm.com/en_us/productpage.1341808001.html,https://image.hm.com/assets/hm/3c/36/3c36815154141214d53b5be976e5a06effe74b6b.jpg,H&M
1336390001,Tie-Belt Cargo Pants,H&M,Dark brown,29.99,29.99,29.99,USD,Available,False,True,True,ladies_trousers_barrel,"16, 20, 18, 2, 0, 6, 4, 10, 8, 14, 12",11,22,https://www2.hm.com/en_us/productpage.1336390001.html,https://image.hm.com/assets/hm/db/d7/dbd743dfac5d65c3e4364c1ee73f5655715653bd.jpg,H&M
1343036002,Ribbed Button-Front Top,H&M,Black,14.99,14.99,14.99,USD,Available,False,False,True,ladies_tops_shortsleeve,"XXL, XL, L, M, S, XS",6,12,https://www2.hm.com/en_us/productpage.1343036002.html,https://image.hm.com/assets/hm/87/f0/87f01d67e728ae1d219f34b42c6167a94e333ae5.jpg,H&M
1351683002,Stand-Up Collar Jersey Top,H&M,Black,9.99,9.99,9.99,USD,Available,False,True,True,ladies_basics_tops_shortsleeve,"XXL, XL, L, M, S, XS",6,12,https://www2.hm.com/en_us/productpage.1351683002.html,https://image.hm.com/assets/hm/dc/ba/dcbaa7094fbd844057f461f98d74024ad90c765d.jpg,H&M
1351340002,Cotton Polo Shirt,H&M,Dark brown/striped,19.99,19.99,19.99,USD,Available,False,True,True,ladies_tops_collared,"M, L, XS, S, XL, XXL",6,12,https://www2.hm.com/en_us/productpage.1351340002.html,https://image.hm.com/assets/hm/23/24/23242050a13d675a0e7302ba4bdaa719f45b5668.jpg,H&M
1246922049,Midi Skirt,H&M,Light beige,29.99,29.99,29.99,USD,Available,False,True,True,Ladies_skirts_highwaisted,"XXL, XL, L, M, S, XS",6,12,https://www2.hm.com/en_us/productpage.1246922049.html,https://image.hm.com/assets/hm/64/f7/64f73ed53729230f1c7ba894273d9eaeaf30f806.jpg,H&M
0963662002,Cotton T-shirt,H&M,Black,9.99,9.99,9.99,USD,Available,False,False,True,ladies_basics_tops_shortsleeve,"M, S, XL, L, XXL, XS",6,12,https://www2.hm.com/en_us/productpage.0963662002.html,https://image.hm.com/assets/hm/b3/d0/b3d045a44b5cb2dedc2a1fb3bc6960e932b83f09.jpg,H&M
1345596003,Long-Sleeved Cotton Top,H&M,Gray melange/striped,19.99,19.99,19.99,USD,Available,False,True,True,ladies_tops_longsleeve,"L, XL, XXL, XS, S, M",6,12,https://www2.hm.com/en_us/productpage.1345596003.html,https://image.hm.com/assets/hm/11/bb/11bb4666ea931d2c93d7eff97c003939de14a37f.jpg,H&M
1350173002,Fine-knit cape top,H&M,Light beige,29.99,29.99,29.99,USD,Available,False,True,True,ladies_tops_knitted,"XS, L, XL, S, M",5,10,https://www2.hm.com/en_us/productpage.1350173002.html,https://image.hm.com/assets/hm/c1/f7/c1f7bbee81a3864ad340817818fce9fe1471766e.jpg,H&M
1345596001,Long-Sleeved Cotton Top,H&M,Dark brown/striped,19.99,19.99,19.99,USD,Available,False,True,True,ladies_tops_longsleeve,"XXL, XS, XL, L, M, S",6,12,https://www2.hm.com/en_us/productpage.1345596001.html,https://image.hm.com/assets/hm/b2/0d/b20d7704701edeea525827814fb362295751e35e.jpg,H&M
1322595006,Ruffle-Trimmed Cotton Blouse,H&M,Light taupe/checked,19.99,19.99,19.99,USD,Available,False,True,True,ladies_shirtsblouses_blouses,"L, M, XXL, XL, S, XS",6,12,https://www2.hm.com/en_us/productpage.1322595006.html,https://image.hm.com/assets/hm/8d/29/8d297139ac948ce474346adb009f2bb920068aaa.jpg,H&M
1360820003,Balloon-Sleeved Cotton Shirt,H&M,Dark blue,24.99,24.99,24.99,USD,Available,False,True,True,ladies_shirtsblouses_shirts,"XL, M, L, XS, S",5,10,https://www2.hm.com/en_us/productpage.1360820003.html,https://image.hm.com/assets/hm/72/40/72401d1f9c713e6008ddf4706fcaa201086cc509.jpg,H&M
1340762001,Stand-Up Collar Viscose-Blend Shirt,H&M,Light khaki green,24.99,24.99,24.99,USD,Available,False,True,True,ladies_shirtsblouses_shirts,"XS, S, M, L",4,8,https://www2.hm.com/en_us/productpage.1340762001.html,https://image.hm.com/assets/hm/cc/b7/ccb79ca9c6c3e534aeb7a7a6d3b12be0ba701f8f.jpg,H&M
1329534002,Balloon-Leg Poplin Pants,H&M,Dark khaki green,24.99,24.99,24.99,USD,Available,False,True,True,ladies_trousers_drawstring,"XL, XS, S, M, L",5,10,https://www2.hm.com/en_us/productpage.1329534002.html,https://image.hm.com/assets/hm/c4/1c/c41c668f9ac7438f808d91618904c83040448f94.jpg,H&M
1362514001,Knit Drawstring Pants,H&M,Cream/striped,24.99,24.99,24.99,USD,Available,False,True,True,ladies_trousers_drawstring,"M, L, XS, S",4,8,https://www2.hm.com/en_us/productpage.1362514001.html,https://image.hm.com/assets/hm/ee/54/ee549d3ee26605f5ac35be5829dffd21c5bd9bcf.jpg,H&M
1366053001,One-Shoulder Cape Top,H&M,Ivory,39.99,39.99,39.99,USD,Available,False,True,True,ladies_tops,"XS, S, M, L",4,8,https://www2.hm.com/en_us/productpage.1366053001.html,https://image.hm.com/assets/hm/ff/10/ff10dd025481b22edf4f62be7b5b55ced7f20f55.jpg,H&M
1351683001,Stand-Up Collar Jersey Top,H&M,Cream,9.99,9.99,9.99,USD,Available,False,True,True,ladies_basics_tops_shortsleeve,"L, XL, S, M, XXL, XS",6,12,https://www2.hm.com/en_us/productpage.1351683001.html,https://image.hm.com/assets/hm/52/b8/52b89b2de7d509adf9b24f56576ad17189e4d733.jpg,H&M
1347186001,Fitted Modal T-Shirt,H&M,Black,9.99,9.99,9.99,USD,Available,False,False,True,ladies_basics_tops_shortsleeve,"S, XS, XL, L, M",5,10,https://www2.hm.com/en_us/productpage.1347186001.html,https://image.hm.com/assets/hm/9b/bf/9bbfd11c674cf131d509ebd60de75e7943db9d4e.jpg,H&M
1295947001,Slacks,H&M,Black,29.99,29.99,29.99,USD,Available,False,False,True,ladies_trousers_chinosslacks,"2, 24, 0, 22, 20, 18, 10, 8, 6, 4, 16, 14, 12",13,26,https://www2.hm.com/en_us/productpage.1295947001.html,https://image.hm.com/assets/hm/a9/7f/a97f7ea540a566b66a3e3817bc072c3a957e49ec.jpg,H&M
1345795001,Ballet-inspired satin mules,H&M,Light beige,29.99,29.99,29.99,USD,Available,False,True,True,ladies_shoes_mules,"8, 9, 6, 7, 4, 5, 11, 10",8,16,https://www2.hm.com/en_us/productpage.1345795001.html,https://image.hm.com/assets/hm/dc/25/dc257acd51803c6053036604f0b3ff6dd0ef996b.jpg,H&M
0579541221,Fine-Knit Cardigan,H&M,Dark taupe,17.99,17.99,17.99,USD,Available,False,False,True,ladies_basics_cardigansjumpers,"S, M, L, XL, XS",5,10,https://www2.hm.com/en_us/productpage.0579541221.html,https://image.hm.com/assets/hm/0f/2c/0f2c2bebdd35da6b907c8f45f3488ff15fe5da88.jpg,H&M
1351648001,Tie-Detail Button-Front Dress,H&M,Black/floral,39.99,39.99,39.99,USD,Available,False,True,True,ladies_dresses_flared,"XXL, XL, S, XS, L, M",6,12,https://www2.hm.com/en_us/productpage.1351648001.html,https://image.hm.com/assets/hm/53/99/5399a2e9b387a80d7f4c146813f368bbe8265929.jpg,H&M
1341688020,Oversized Printed T-Shirt,H&M,Dark gray/Pink Floyd,19.99,19.99,19.99,USD,Available,False,True,True,ladies_tops_printed_tshirts,"L, M, XXL, XL, S, XS",6,12,https://www2.hm.com/en_us/productpage.1341688020.html,https://image.hm.com/assets/hm/2b/4f/2b4f148d843ebfccce918fd26c0ed64194b8739f.jpg,H&M
1246290001,Oversized T-shirt,H&M,Black,12.99,12.99,12.99,USD,Available,False,False,True,ladies_basics_tops_shortsleeve,"XS, S, M, L, XL, XXL",6,12,https://www2.hm.com/en_us/productpage.1246290001.html,https://image.hm.com/assets/hm/2d/dc/2ddc16bae508300fba69c85361442b2067314c31.jpg,H&M
0579541227,Fine-Knit Cardigan,H&M,Cream,17.99,17.99,17.99,USD,Available,False,False,True,ladies_basics_cardigansjumpers,"M, S, XS, XL, L",5,10,https://www2.hm.com/en_us/productpage.0579541227.html,https://image.hm.com/assets/hm/0b/24/0b24dafd830841198c33903b4a87b3bbcc84f1df.jpg,H&M
1342780001,Tie-Detail Boat-Neck Top,H&M,Dark taupe,24.99,24.99,24.99,USD,Available,False,True,True,ladies_tops_shortsleeve,"XS, M, S, L",4,8,https://www2.hm.com/en_us/productpage.1342780001.html,https://image.hm.com/assets/hm/79/aa/79aaa1c2148c5ead2ff1a65f8e49cad6420e5d7a.jpg,H&M
1199249015,Wide-leg Joggers,H&M,Light gray melange,19.99,19.99,19.99,USD,Available,False,False,True,ladies_basics_trousersleggings,"XL, XXL, XS, S, M, L, 4XL",7,14,https://www2.hm.com/en_us/productpage.1199249015.html,https://image.hm.com/assets/hm/4b/cb/4bcb44d265f4a285edfff310178e2b91ceb79e31.jpg,H&M
1353568001,Cotton Peplum Shirt,H&M,Light blue/pinstriped,24.99,24.99,24.99,USD,Available,False,True,True,ladies_shirtsblouses_shirts,"L, S, M, XS",4,8,https://www2.hm.com/en_us/productpage.1353568001.html,https://image.hm.com/assets/hm/db/84/db842f419374273eb1f5aa1f6531360bc2f879ec.jpg,H&M
1343831001,Ribbed V-Neck Tank Top,H&M,Black,9.99,9.99,9.99,USD,Available,False,False,True,ladies_tops,"XL, L, M, S, XS, XXS",6,12,https://www2.hm.com/en_us/productpage.1343831001.html,https://image.hm.com/assets/hm/37/ea/37ead900c07a162f6cb792f727b7d137fdeb2569.jpg,H&M
1343831002,Ribbed V-Neck Tank Top,H&M,Cream,9.99,9.99,9.99,USD,Available,False,True,True,ladies_tops,"XS, S, M, L, XL, XXL",6,12,https://www2.hm.com/en_us/productpage.1343831002.html,https://image.hm.com/assets/hm/5b/36/5b366d2d3f5c0a16eedc28f5ae172c47e5de445b.jpg,H&M
1340697002,Ribbed Cotton Tank Top,H&M,White,12.99,12.99,12.99,USD,Available,False,False,True,ladies_basics_tops_vests,"XXL, XL, L, M, S, XS",6,12,https://www2.hm.com/en_us/productpage.1340697002.html,https://image.hm.com/assets/hm/20/65/206508311a257e166c3eb7cd0c77deb0d7fe4e60.jpg,H&M
1340767001,Viscose-Blend Top with Keyhole Detail,H&M,Black,24.99,24.99,24.99,USD,Available,False,True,True,ladies_tops_shortsleeve,"M, S, XS",3,6,https://www2.hm.com/en_us/productpage.1340767001.html,https://image.hm.com/assets/hm/10/ea/10eac5374fe58adec59450c753190e6ea34f6c3d.jpg,H&M
0963662180,Cotton T-shirt,H&M,Light pink,9.99,9.99,9.99,USD,Available,False,False,True,ladies_basics_tops_shortsleeve,"XXL, XL, S, XS, L, M",6,12,https://www2.hm.com/en_us/productpage.0963662180.html,https://image.hm.com/assets/hm/94/a1/94a1f110f5e3c226b8ba2c6f96a007b6a4399859.jpg,H&M
1341689025,Oversized Printed T-Shirt,H&M,Gray melange/striped,19.99,19.99,19.99,USD,Available,False,False,True,ladies_tops_printed_tshirts,"S, XS, L, M, XXL, XL",6,12,https://www2.hm.com/en_us/productpage.1341689025.html,https://image.hm.com/assets/hm/10/1d/101d7a1b6d2bd86969c8bf44b229fe26029f8a18.jpg,H&M
1246290002,Oversized T-shirt,H&M,White,12.99,12.99,12.99,USD,Available,False,False,True,ladies_basics_tops_shortsleeve,"XS, S, M, L, XL, XXL",6,12,https://www2.hm.com/en_us/productpage.1246290002.html,https://image.hm.com/assets/hm/8f/37/8f37e32b1f80f93082875dbb2d19fc22e1bc0299.jpg,H&M
1246290030,Oversized T-shirt,H&M,Burgundy/white striped,12.99,12.99,12.99,USD,Available,False,False,True,ladies_basics_tops_shortsleeve,"XS, S, XL, XXL, M, L",6,12,https://www2.hm.com/en_us/productpage.1246290030.html,https://image.hm.com/assets/hm/2a/a8/2aa8a9b074f5d9e959d5ac65e27a09e56609a1bc.jpg,H&M
0963662167,Cotton T-shirt,H&M,Navy blue,9.99,9.99,9.99,USD,Available,False,False,True,ladies_basics_tops_shortsleeve,"XS, XXL, S, M, L, XL",6,12,https://www2.hm.com/en_us/productpage.0963662167.html,https://image.hm.com/assets/hm/60/c9/60c9e183c810bb231022a88e01996aa7e304434b.jpg,H&M
1330170061,Printed T-Shirt,H&M,Red/Le Marais,12.99,12.99,12.99,USD,Available,False,True,True,ladies_tops_printed_tshirts,"S, M, XS, L",4,8,https://www2.hm.com/en_us/productpage.1330170061.html,https://image.hm.com/assets/hm/cd/dd/cddd17eda3cfc1cd1f5eef6930fa7022771b9789.jpg,H&M
1152096001,Sweatshorts,H&M,Black,12.99,12.99,12.99,USD,Available,False,False,True,ladies_basics,"XXL, M, L, XS, S",5,10,https://www2.hm.com/en_us/productpage.1152096001.html,https://image.hm.com/assets/hm/d8/45/d845494a6a93a332077d208525b059184a39cbd3.jpg,H&M
1356122001,Crêpe Jersey Jacket,H&M,Black,44.99,44.99,44.99,USD,Available,False,True,True,ladies_jacketscoats_jackets,"XL, M, L, XS, S",5,10,https://www2.hm.com/en_us/productpage.1356122001.html,https://image.hm.com/assets/hm/b0/5b/b05bf3f31cf8ec3366bbc6cb4c65e3649b1f83c0.jpg,H&M
1356598001,Bubble-Hem Shoulder-Pad Top,H&M,Black,44.99,44.99,44.99,USD,Available,False,True,True,ladies_tops_longsleeve,"M, L, XL",3,6,https://www2.hm.com/en_us/productpage.1356598001.html,https://image.hm.com/assets/hm/54/12/54127f21225c773a39e82703eec885740db8dd92.jpg,H&M
1328441010,Ribbed Boat-Neck Top,H&M,Burgundy/striped,12.99,12.99,12.99,USD,Available,False,True,True,ladies_tops_longsleeve,"L, XL, S, M, XS",5,10,https://www2.hm.com/en_us/productpage.1328441010.html,https://image.hm.com/assets/hm/6c/09/6c0986278d7bb671d2caf5e478bfaebd575b7249.jpg,H&M
1364026002,Oversized Viscose-Blend Shirt,H&M,Dark blue/pinstriped,29.99,29.99,29.99,USD,Available,False,True,True,ladies_shirtsblouses_shirts,"M, S, L, XS",4,8,https://www2.hm.com/en_us/productpage.1364026002.html,https://image.hm.com/assets/hm/d0/43/d0435007a3616823df53932454905a00c869b3fb.jpg,H&M
1351683003,Stand-Up Collar Jersey Top,H&M,Dark purple,9.99,9.99,9.99,USD,Available,False,True,True,ladies_basics_tops_shortsleeve,"XXL, XL, L, M, S, XS",6,12,https://www2.hm.com/en_us/productpage.1351683003.html,https://image.hm.com/assets/hm/8e/aa/8eaae83cf74996f0e20c6d302ae5a8dae570f6a1.jpg,H&M
1290209024,Boxy T-Shirt,H&M,White,12.99,12.99,12.99,USD,Available,False,False,True,ladies_basics_tops_shortsleeve,"XL, XXL, M, L, XS, S",6,12,https://www2.hm.com/en_us/productpage.1290209024.html,https://image.hm.com/assets/hm/7a/0a/7a0aa225d8e0d20964587f94b44b90f1b8491c40.jpg,H&M
1254718022,Long-sleeved Jersey Top,H&M,Light yellow,14.99,14.99,14.99,USD,Available,False,False,True,ladies_basics_tops_longsleeve,"XXL, M, S, XL, L, XS",6,12,https://www2.hm.com/en_us/productpage.1254718022.html,https://image.hm.com/assets/hm/de/a2/dea20edf53a24ab5647bc3d453ffe35cc1ecce54.jpg,H&M
1356458001,Pleated Tie-Detail Top,H&M,Dark khaki green,22.99,22.99,22.99,USD,Available,False,True,True,ladies_tops,"XS, S, M, L",4,8,https://www2.hm.com/en_us/productpage.1356458001.html,https://image.hm.com/assets/hm/f5/65/f565722a824990f4fd3e020bd51693d962ed73eb.jpg,H&M
1351679001,Ponte Capri Pants,H&M,Black,22.99,22.99,22.99,USD,Available,False,True,True,ladies_trousers_highwaisted,"S, XS, XL, L, M",5,10,https://www2.hm.com/en_us/productpage.1351679001.html,https://image.hm.com/assets/hm/d6/c5/d6c5a3866009ce646f441867808834e10aadfa02.jpg,H&M
1351825002,Draped One-Shoulder Top,H&M,Black,29.99,29.99,29.99,USD,Available,False,True,True,ladies_tops,"S, XS, L, M, XL",5,10,https://www2.hm.com/en_us/productpage.1351825002.html,https://image.hm.com/assets/hm/77/9f/779fa276857e556dd3528a7699bd2494eeefac62.jpg,H&M
1142908008,Fitted Microfiber T-shirt,H&M,White,12.99,12.99,12.99,USD,Available,False,False,True,ladies_basics_tops_shortsleeve,"M, L, XS, S, XL, XXL",6,12,https://www2.hm.com/en_us/productpage.1142908008.html,https://image.hm.com/assets/hm/ab/1e/ab1ec32292995dfadba1a9e8058d5624fe2e579d.jpg,H&M
1347186008,Fitted Modal T-Shirt,H&M,Burgundy,9.99,9.99,9.99,USD,Available,False,False,True,ladies_basics_tops_shortsleeve,"L, XL, S, M, XS",5,10,https://www2.hm.com/en_us/productpage.1347186008.html,https://image.hm.com/assets/hm/98/12/9812eb1c6c3221e8362a83e266055ef53ec5b348.jpg,H&M
1348341002,Polarized Shield Sunglasses,H&M,Black,49.99,49.99,49.99,USD,Available,False,True,True,ladies_premium_selection_accessories,NOSIZE,1,2,https://www2.hm.com/en_us/productpage.1348341002.html,https://image.hm.com/assets/hm/77/65/7765450ec402ab623e2c4e718c65503a16ac9ec3.jpg,H&M
1341808003,Fitted T-Shirt,H&M,Dark taupe,14.99,14.99,14.99,USD,Available,False,False,True,ladies_basics_tops_shortsleeve,"M, S, XL, L, XS, XXL",6,12,https://www2.hm.com/en_us/productpage.1341808003.html,https://image.hm.com/assets/hm/70/a9/70a931572597b99ce35ffa13d371bb5f0394a717.jpg,H&M
1341964003,MAMA Ribbed Jersey T-Shirt,H&M,Light dusty beige,14.99,14.99,14.99,USD,Available,False,False,True,ladies_maternity_tops,"XS, S, M, L, XL, XXL",6,12,https://www2.hm.com/en_us/productpage.1341964003.html,https://image.hm.com/assets/hm/45/dd/45dd8663c83f58b3ee3e3af850a7e29164272b0c.jpg,H&M
1348342001,Extra-Long Beaded Necklace,H&M,Black,49.99,49.99,49.99,USD,Available,False,True,True,ladies_accessories_jewellery_necklaces,NOSIZE,1,2,https://www2.hm.com/en_us/productpage.1348342001.html,https://image.hm.com/assets/hm/b6/47/b647c426c4032d66e3bd43976592d89a3e9e5565.jpg,H&M
1359213001,Draped Dual-Fabric Crop Top,H&M,Black,44.99,44.99,44.99,USD,Available,False,True,True,ladies_tops_croppedtops,"M, L, S",3,6,https://www2.hm.com/en_us/productpage.1359213001.html,https://image.hm.com/assets/hm/5c/16/5c1682af66d48805b204fbabd591b1273932caa2.jpg,H&M
1348991003,Draped Asymmetric Top,H&M,Dark brown,14.99,14.99,14.99,USD,Available,False,False,True,ladies_tops,"M, S, XS, XL, L",5,10,https://www2.hm.com/en_us/productpage.1348991003.html,https://image.hm.com/assets/hm/5b/c5/5bc5db62cc53041a67b428f21cf2e47376a5aa06.jpg,H&M
1351927001,Long-Sleeved Boat-Neck Top,H&M,Cream/striped,19.99,19.99,19.99,USD,Available,False,True,True,ladies_tops_longsleeve,"XL, M, L, XS, S",5,10,https://www2.hm.com/en_us/productpage.1351927001.html,https://image.hm.com/assets/hm/a2/0d/a20d789901ffa240b2b0ed6bcec826465595e2be.jpg,H&M
1246290031,Oversized T-shirt,H&M,Gray melange,12.99,12.99,12.99,USD,Available,False,False,True,ladies_basics_tops_shortsleeve,"S, M, XS, XXL, L, XL",6,12,https://www2.hm.com/en_us/productpage.1246290031.html,https://image.hm.com/assets/hm/f7/78/f778e5d86e88a98c0846ca9edf5bc378a46919a6.jpg,H&M
1348328001,Bib-Front Poplin Shirt,H&M,Light pink,79.99,79.99,79.99,USD,Available,False,True,True,ladies_shirtsblouses_shirts,"XS, XL, L, M, S, XXL",6,12,https://www2.hm.com/en_us/productpage.1348328001.html,https://image.hm.com/assets/hm/55/ff/55ffd4fc30abe98591a1d7e12cc305de6c47e9c6.jpg,H&M
1347085001,Asymmetric Butterfly-Sleeved Top,H&M,Black,24.99,24.99,24.99,USD,Available,False,True,True,ladies_tops_shortsleeve,"XS, S, M, L",4,8,https://www2.hm.com/en_us/productpage.1347085001.html,https://image.hm.com/assets/hm/df/c5/dfc5792993bf43457aadcd86f08cafbf39f3ec5f.jpg,H&M
1340762003,Stand-Up Collar Viscose-Blend Shirt,H&M,Dark gray,24.99,24.99,24.99,USD,Available,False,True,True,ladies_shirtsblouses_shirts,"M, S, L, XS",4,8,https://www2.hm.com/en_us/productpage.1340762003.html,https://image.hm.com/assets/hm/90/3d/903d098668eaa9d4f8ec873478daf498bae25a28.jpg,H&M
1343919003,Long-sleeved jersey top,H&M,Navy blue,9.99,9.99,9.99,USD,Available,False,True,True,ladies_tops_longsleeve,"M, L, XL, XXL, XS, S",6,12,https://www2.hm.com/en_us/productpage.1343919003.html,https://image.hm.com/assets/hm/85/9d/859d2417e77ebe96234b82fee0b209d9a9f57339.jpg,H&M
1365117003,Sleeveless Crêpe Dress,H&M,Red,39.99,39.99,39.99,USD,Available,False,True,True,ladies_dresses_shortdresses,"XS, S, M, L",4,8,https://www2.hm.com/en_us/productpage.1365117003.html,https://image.hm.com/assets/hm/e4/22/e42241774a3dbb52ff2ad354fa30770da89b1028.jpg,H&M
1229036114,Patterned Scarf,H&M,Dusty blue/patterned,9.99,9.99,9.99,USD,Available,False,True,True,ladies_accessories_scarves,31x31,1,2,https://www2.hm.com/en_us/productpage.1229036114.html,https://image.hm.com/assets/hm/36/99/3699646194ceb515916d5d358f422420d38c45c1.jpg,H&M
1341076003,Draped-Panel Modal Top,H&M,White,19.99,19.99,19.99,USD,Available,False,True,True,ladies_tops_shortsleeve,"M, L, XS, S",4,8,https://www2.hm.com/en_us/productpage.1341076003.html,https://image.hm.com/assets/hm/b9/3a/b93abf2671e22fac87a05ca10bbc9e89ce10cf81.jpg,H&M
1353568002,Cotton Peplum Shirt,H&M,White,24.99,24.99,24.99,USD,Available,False,True,True,ladies_shirtsblouses_shirts,"M, L, XS, S",4,8,https://www2.hm.com/en_us/productpage.1353568002.html,https://image.hm.com/assets/hm/b1/40/b14068144c010345b68de3eb66c82f8dfec5c5d9.jpg,H&M
1350173001,Fine-knit cape top,H&M,Burgundy,29.99,29.99,29.99,USD,Available,False,True,True,ladies_tops_knitted,"XL, M, L, XS, S",5,10,https://www2.hm.com/en_us/productpage.1350173001.html,https://image.hm.com/assets/hm/f9/12/f9124b5459c544281474d271eed92513d7aa7605.jpg,H&M
1329670010,Cotton T-Shirt,H&M,Pale yellow,7.99,7.99,7.99,USD,Available,False,False,True,ladies_basics_tops_shortsleeve,"XL, XXL, M, L, S",5,10,https://www2.hm.com/en_us/productpage.1329670010.html,https://image.hm.com/assets/hm/9c/1e/9c1e5270766a6280091d2c754aab146840398b7d.jpg,H&M
1349269002,Asymmetric Jacquard-Jersey Bandeau Top,H&M,White,24.99,24.99,24.99,USD,Available,False,True,True,ladies_tops_tube,"M, S, XS, L",4,8,https://www2.hm.com/en_us/productpage.1349269002.html,https://image.hm.com/assets/hm/32/38/323856c05b41b0a9126b6d6a0b8de668648ce7ed.jpg,H&M
1351938003,Batwing-Sleeved Viscose Top,H&M,Black,19.99,19.99,19.99,USD,Available,False,False,True,ladies_basics_tops_longsleeve,"XS, S, XL, XXL, M, L",6,12,https://www2.hm.com/en_us/productpage.1351938003.html,https://image.hm.com/assets/hm/b6/39/b63935d0a2282f6fa6ddbae9ebdbc67af273b7d0.jpg,H&M
1350359002,Embroidered Blouse,H&M,Light beige,89.99,89.99,89.99,USD,Available,False,True,True,ladies_shirtsblouses_blouses,"L, S, M",3,6,https://www2.hm.com/en_us/productpage.1350359002.html,https://image.hm.com/assets/hm/a6/d2/a6d2566c3be8a2927f17e2c65a33ae26a63baedb.jpg,H&M
1246922058,Midi Skirt,H&M,Burgundy,29.99,29.99,29.99,USD,Available,False,True,True,Ladies_skirts_highwaisted,"XXL, XL, S, XS, L, M",6,12,https://www2.hm.com/en_us/productpage.1246922058.html,https://image.hm.com/assets/hm/a2/da/a2da413501bd18b1268a78437a4daca1e45561ab.jpg,H&M
1340763001,Viscose-Blend Pull-On Pants,H&M,Light khaki green,27.99,27.99,27.99,USD,Available,False,True,True,ladies_trousers,"M, L, XS, S",4,8,https://www2.hm.com/en_us/productpage.1340763001.html,https://image.hm.com/assets/hm/68/ca/68ca5443be5ec4a5536874af74224e13ea835fab.jpg,H&M
1309848011,Barrel-Leg High-Waist Jeans,H&M,Dark denim blue,39.99,39.99,39.99,USD,Available,False,False,True,ladies_jeans_barrel,"18, 20, 0, 2, 4, 6, 8, 10, 12, 14, 16",11,22,https://www2.hm.com/en_us/productpage.1309848011.html,https://image.hm.com/assets/hm/ea/20/ea20f55ba1d9e60168afc48edb183daa54064c8d.jpg,H&M
1260556028,Ribbed T-Shirt,H&M,Dark taupe,9.99,9.99,9.99,USD,Available,False,False,True,ladies_basics_tops_shortsleeve,"XL, XXL, M, L, XS, S",6,12,https://www2.hm.com/en_us/productpage.1260556028.html,https://image.hm.com/assets/hm/84/82/8482e8ac93e33d8d80d2213077f656d594db60e8.jpg,H&M
1347186003,Fitted Modal T-Shirt,H&M,Cream,9.99,9.99,9.99,USD,Available,False,False,True,ladies_basics_tops_shortsleeve,"XS, S, M, L, XL",5,10,https://www2.hm.com/en_us/productpage.1347186003.html,https://image.hm.com/assets/hm/a2/b7/a2b738c4e6d3cd25c4cca70acf026d8450076bf7.jpg,H&M
1338299002,Asymmetric Dual-Fabric Dress,H&M,Plum purple,29.99,29.99,29.99,USD,Available,False,True,True,ladies_dresses_flared,"XXS, XS, S",3,6,https://www2.hm.com/en_us/productpage.1338299002.html,https://image.hm.com/assets/hm/80/62/8062ba1c51b545bf41d16236109e1c3443abb4b7.jpg,H&M
1351927002,Long-Sleeved Boat-Neck Top,H&M,Navy blue/red striped,19.99,19.99,19.99,USD,Available,False,True,True,ladies_tops_longsleeve,"XS, L, XL, S, M",5,10,https://www2.hm.com/en_us/productpage.1351927002.html,https://image.hm.com/assets/hm/03/70/0370fc78776259c526aa08d575b1bfbb86f74a16.jpg,H&M
1352703001,Tie-Detail Pants with Eyelet Embroidery,H&M,Black,79.99,79.99,79.99,USD,Available,False,True,True,ladies_trousers,"L, M, S",3,6,https://www2.hm.com/en_us/productpage.1352703001.html,https://image.hm.com/assets/hm/5e/57/5e576e05160ed81cf52d54ca4e56c998ff557f72.jpg,H&M
1350325001,Smocked Ruffle-Trimmed Top,H&M,Black/gingham,24.99,24.99,24.99,USD,Available,False,False,True,ladies_tops,"XS, M, S, XL, L",5,10,https://www2.hm.com/en_us/productpage.1350325001.html,https://image.hm.com/assets/hm/cd/3c/cd3ce0be3359496c0a8c4939f652ae95eee929e0.jpg,H&M
1340763003,Viscose-Blend Pull-On Pants,H&M,Dark gray,27.99,27.99,27.99,USD,Available,False,True,True,ladies_trousers,"L, M, S, XS",4,8,https://www2.hm.com/en_us/productpage.1340763003.html,https://image.hm.com/assets/hm/78/cc/78cc0c7b8b036038b29d8f285e3d882d3095268b.jpg,H&M
1295947003,Slacks,H&M,Dark brown,29.99,29.99,29.99,USD,Available,False,False,True,ladies_trousers_chinosslacks,"8, 10, 12, 14, 0, 22, 2, 4, 6, 18, 20, 16",12,24,https://www2.hm.com/en_us/productpage.1295947003.html,https://image.hm.com/assets/hm/0b/4d/0b4d6497b30f7ba8d7e1331328dcf8875067d13a.jpg,H&M
1260556002,Ribbed T-Shirt,H&M,White,9.99,9.99,9.99,USD,Available,False,False,True,ladies_basics_tops_shortsleeve,"S, XS, XXL, XL, L, M",6,12,https://www2.hm.com/en_us/productpage.1260556002.html,https://image.hm.com/assets/hm/9f/a9/9fa93a101ea73edcf9f1ea024feee079381f0e47.jpg,H&M
1360827001,Ruffled Cotton Blouse,H&M,Cream,59.99,59.99,59.99,USD,Available,False,True,True,ladies_shirtsblouses_blouses,"XS, S, M, L",4,8,https://www2.hm.com/en_us/productpage.1360827001.html,https://image.hm.com/assets/hm/03/74/0374e324a79ba3b55285cfa1c0e8eae6aa3130d9.jpg,H&M
1340210004,Scarf-Detail Shirt,H&M,Dark beige/pinstriped,39.99,39.99,39.99,USD,Available,False,True,True,ladies_shirtsblouses_shirts,"S, XS, L, M",4,8,https://www2.hm.com/en_us/productpage.1340210004.html,https://image.hm.com/assets/hm/bf/2d/bf2da39215e6c6d946228cc47fefe10b66534b12.jpg,H&M
1343919001,Long-sleeved jersey top,H&M,Black,9.99,9.99,9.99,USD,Available,False,False,True,ladies_tops_longsleeve,"L, M, S, XS, XXL, XL",6,12,https://www2.hm.com/en_us/productpage.1343919001.html,https://image.hm.com/assets/hm/53/8e/538e88168b15476cb57de61f659d05bb950ed2b9.jpg,H&M
1339470004,Knit Off-the-Shoulder Top,H&M,Dark beige,19.99,19.99,19.99,USD,Available,False,False,True,ladies_tops_knitted,"S, XS, L, M",4,8,https://www2.hm.com/en_us/productpage.1339470004.html,https://image.hm.com/assets/hm/45/07/4507a63539b8a1bce375ccdd446eaafc74b903b0.jpg,H&M
1341688022,Oversized Printed T-Shirt,H&M,Cream/The Rolling Stones,19.99,19.99,19.99,USD,Available,False,True,True,ladies_tops_printed_tshirts,"XL, XXL, M, L, XS, S",6,12,https://www2.hm.com/en_us/productpage.1341688022.html,https://image.hm.com/assets/hm/80/65/8065e8d74e0b8d1f8055e456555fd0cf6ac6a314.jpg,H&M
1341808002,Fitted T-Shirt,H&M,Black,14.99,14.99,14.99,USD,Available,False,False,True,ladies_basics_tops_shortsleeve,"S, XS, L, M, XXL, XL",6,12,https://www2.hm.com/en_us/productpage.1341808002.html,https://image.hm.com/assets/hm/11/44/1144fef425d00748eed48eab2946e152525d3aa6.jpg,H&M
1322471002,Fitted Shirt,H&M,White,19.99,19.99,19.99,USD,Available,False,False,True,ladies_shirtsblouses_shirts,"S, M, L, XL, XS",5,10,https://www2.hm.com/en_us/productpage.1322471002.html,https://image.hm.com/assets/hm/33/2d/332d55883d8e373d2c2c76b75b0faf9bb5874d67.jpg,H&M
1152096071,Sweatshorts,H&M,Burgundy,12.99,12.99,12.99,USD,Available,False,False,True,ladies_basics,"S, M, XS",3,6,https://www2.hm.com/en_us/productpage.1152096071.html,https://image.hm.com/assets/hm/23/e4/23e440e0faf5125a56e72886bae9e45ec729cbef.jpg,H&M
1341964002,MAMA Ribbed Jersey T-Shirt,H&M,Cream,14.99,14.99,14.99,USD,Available,False,False,True,ladies_maternity_tops,"XXL, XL, L, M, S, XS",6,12,https://www2.hm.com/en_us/productpage.1341964002.html,https://image.hm.com/assets/hm/12/23/1223c5e9aa669b65c2b2cc45e9bfaa94cb208a2d.jpg,H&M
1316907004,Button-Front Top with Collar,H&M,Light beige,22.99,22.99,22.99,USD,Available,False,False,True,ladies_tops_collared,"L, M, S, XS",4,8,https://www2.hm.com/en_us/productpage.1316907004.html,https://image.hm.com/assets/hm/ee/da/eedae99e21daa1360efe85eb57c9951488b3b158.jpg,H&M
1336592002,Flared Satin Pants,H&M,Cream,24.99,24.99,24.99,USD,Available,False,False,True,ladies_trousers,"XXL, XL, L, M, S, XS, XXS",7,14,https://www2.hm.com/en_us/productpage.1336592002.html,https://image.hm.com/assets/hm/95/64/9564d428fbdd75c760e5452855adcd6f553fdca7.jpg,H&M
1295947002,Slacks,H&M,Navy blue,29.99,29.99,29.99,USD,Available,False,False,True,ladies_trousers_chinosslacks,"4, 2, 24, 0, 22, 20, 12, 10, 8, 6, 18, 14",12,24,https://www2.hm.com/en_us/productpage.1295947002.html,https://image.hm.com/assets/hm/ca/6f/ca6f49716aa6cadd263d5f2ffc8be4251820f7d0.jpg,H&M
1347439001,Crinkled Boat-Neck Dress,H&M,Cream,39.99,39.99,39.99,USD,Available,False,True,True,ladies_dresses_flared,"L, XS, M, S",4,8,https://www2.hm.com/en_us/productpage.1347439001.html,https://image.hm.com/assets/hm/93/17/93170496ef0576565f25f21a629ef477dba6b797.jpg,H&M
1357093002,Twist-Detail High-Low Top,H&M,Dark brown,22.99,22.99,22.99,USD,Available,False,True,True,ladies_tops_shortsleeve,"S, M, XS, L",4,8,https://www2.hm.com/en_us/productpage.1357093002.html,https://image.hm.com/assets/hm/b0/57/b057bf1d74cfc0a0f329b299563b236fb0f17fd8.jpg,H&M
1333631012,Viscose Tunic Dress,H&M,Dark brown/zebra print,19.99,19.99,19.99,USD,Available,False,True,True,ladies_dresses_shortdresses,"XS, S, M, L, XL",5,10,https://www2.hm.com/en_us/productpage.1333631012.html,https://image.hm.com/assets/hm/15/88/15884a11567d1406844b1aab7acde82e610eb5e0.jpg,H&M
1357162003,Printed Cotton T-Shirt,H&M,Cream/Sol y Sal,19.99,19.99,19.99,USD,Available,False,False,True,ladies_tops_printed_tshirts,"M, S, L, XS",4,8,https://www2.hm.com/en_us/productpage.1357162003.html,https://image.hm.com/assets/hm/6f/f7/6ff7523c9df29034e5cc13c48de994b89e8adcc2.jpg,H&M
1341964001,MAMA Ribbed Jersey T-Shirt,H&M,Black,14.99,14.99,14.99,USD,Available,False,False,True,ladies_maternity_tops,"XXL, XL, L, M, S, XS",6,12,https://www2.hm.com/en_us/productpage.1341964001.html,https://image.hm.com/assets/hm/ec/f1/ecf1fab5dd1c80c17be84b97e4bee4fcaf6ef63b.jpg,H&M
1260556031,Ribbed T-Shirt,H&M,Light beige,9.99,9.99,9.99,USD,Available,False,False,True,ladies_basics_tops_shortsleeve,"S, XS, L, M, XXL, XL",6,12,https://www2.hm.com/en_us/productpage.1260556031.html,https://image.hm.com/assets/hm/12/66/1266c25c5db2ae414628ed0ee08684e31694dbbe.jpg,H&M
1347085005,Asymmetric Butterfly-Sleeved Top,H&M,Cream,24.99,24.99,24.99,USD,Available,False,False,True,ladies_tops_shortsleeve,"M, L, XS, S",4,8,https://www2.hm.com/en_us/productpage.1347085005.html,https://image.hm.com/assets/hm/53/57/5357bfc60bffb12ab12754a3a712392a8457d738.jpg,H&M
1348111001,MAMA Wide Low Waist Jeans,H&M,Denim blue,54.99,54.99,54.99,USD,Available,False,True,True,ladies_maternity_jeans,"XS, XXL, M, S, XL, L",6,12,https://www2.hm.com/en_us/productpage.1348111001.html,https://image.hm.com/assets/hm/72/15/721580f3badc5bc0fe261928bf9f88f976d7a8e5.jpg,H&M
0579541211,Fine-Knit Cardigan,H&M,Gray melange,17.99,17.99,17.99,USD,Available,False,False,True,ladies_basics_cardigansjumpers,"XL, XXL, M, L, XS, S, XXS",7,14,https://www2.hm.com/en_us/productpage.0579541211.html,https://image.hm.com/assets/hm/ef/f9/eff981e4aa59da87641998eb2ad0c931402c8eae.jpg,H&M
1257593007,Ribbed Tank Top,H&M,White,9.99,9.99,9.99,USD,Available,False,False,True,ladies_basics_tops_vests,"L, M, XXL, XL",4,8,https://www2.hm.com/en_us/productpage.1257593007.html,https://image.hm.com/assets/hm/b2/cb/b2cb4753a67c82ad2efcdb49b1e2af6be88814a9.jpg,H&M
1314718014,Linen Shirt,H&M,Dark orange,39.99,39.99,39.99,USD,Available,False,False,True,ladies_premium_selection_tops,"XL, L, M, S, XS, XXL",6,12,https://www2.hm.com/en_us/productpage.1314718014.html,https://image.hm.com/assets/hm/34/59/34596314c59c8741104d1444ed9f2eb696a0f714.jpg,H&M
1348924001,Button-Front Midi Dress,H&M,Black,34.99,34.99,34.99,USD,Available,False,True,True,ladies_dresses_flared,"L, XL, XXL, XS, S, M",6,12,https://www2.hm.com/en_us/productpage.1348924001.html,https://image.hm.com/assets/hm/23/e7/23e71edd020b38513cd1047f30ca119429736cb2.jpg,H&M
1359236001,Embroidered Beach Shorts,H&M,White/flowers,44.99,44.99,44.99,USD,Available,False,True,True,ladies_swimwear_beachwear,"XS, M, S, XL, L",5,10,https://www2.hm.com/en_us/productpage.1359236001.html,https://image.hm.com/assets/hm/82/09/8209ea3a9677053b1d1dccd2067d3501eb4cac54.jpg,H&M
1351340003,Cotton Polo Shirt,H&M,Light gray melange/striped,19.99,19.99,19.99,USD,Available,False,True,True,ladies_tops_collared,"XL, L, M, S, XS, XXL",6,12,https://www2.hm.com/en_us/productpage.1351340003.html,https://image.hm.com/assets/hm/69/3c/693c47f051467999aa9cd3e201b8e763ac09603a.jpg,H&M
1330170060,Printed T-Shirt,H&M,Light beige/Paris Atelier,12.99,12.99,12.99,USD,Available,False,True,True,ladies_tops_printed_tshirts,"XS, S, M, L",4,8,https://www2.hm.com/en_us/productpage.1330170060.html,https://image.hm.com/assets/hm/73/b1/73b161ca83cf8f09e63facb7f6c92703d9ae4b97.jpg,H&M
1260556032,Ribbed T-Shirt,H&M,Gray melange,9.99,9.99,9.99,USD,Available,False,False,True,ladies_basics_tops_shortsleeve,"XS, M, S, XL, L, XXL",6,12,https://www2.hm.com/en_us/productpage.1260556032.html,https://image.hm.com/assets/hm/28/dd/28ddd3087082d39693d17e3edb7b75dcae3de596.jpg,H&M
1290209017,Boxy T-Shirt,H&M,Navy blue,12.99,12.99,12.99,USD,Available,False,False,True,ladies_basics_tops_shortsleeve,"L, M, XXL, XL, S, XS",6,12,https://www2.hm.com/en_us/productpage.1290209017.html,https://image.hm.com/assets/hm/e6/e5/e6e53ed7836b8deda54c955ddadd00d4325490c0.jpg,H&M
1347186002,Fitted Modal T-Shirt,H&M,Dark dusty purple,9.99,9.99,9.99,USD,Available,False,False,True,ladies_basics_tops_shortsleeve,"M, S, XS, XL, L",5,10,https://www2.hm.com/en_us/productpage.1347186002.html,https://image.hm.com/assets/hm/7b/53/7b537145b5d18180cffa09c4ecce3c91d4f1f124.jpg,H&M
1340697001,Ribbed Cotton Tank Top,H&M,Black,12.99,12.99,12.99,USD,Available,False,False,True,ladies_basics_tops_vests,"XL, XXL, M, L, XS, S",6,12,https://www2.hm.com/en_us/productpage.1340697001.html,https://image.hm.com/assets/hm/88/a0/88a01f546a11ad8e5646d5365a79913323822504.jpg,H&M
1347316001,Lace-Trimmed Camisole Top,H&M,Light beige,29.99,29.99,29.99,USD,Available,False,True,True,ladies_tops_vests,"S, M, L, XS",4,8,https://www2.hm.com/en_us/productpage.1347316001.html,https://image.hm.com/assets/hm/93/81/9381529cdf1b84ee89b9efe12122b70cc803205f.jpg,H&M
1346094001,Wide-Leg Pants with Belt,H&M,Cream,34.99,34.99,34.99,USD,Available,False,False,True,ladies_trousers_dressed,"16, 12, 14, 2, 18, 8, 10, 4, 6",9,18,https://www2.hm.com/en_us/productpage.1346094001.html,https://image.hm.com/assets/hm/9b/b4/9bb4b6f6336219d8ae90a19cc9de484015c64267.jpg,H&M
1142908087,Fitted Microfiber T-shirt,H&M,Light dusty blue,12.99,12.99,12.99,USD,Available,False,False,True,ladies_basics_tops_shortsleeve,"S, M, XS, XXL, L, XL",6,12,https://www2.hm.com/en_us/productpage.1142908087.html,https://image.hm.com/assets/hm/21/a5/21a5b46f83e808e8e3053c987fdbe0e07761550c.jpg,H&M
1339884001,Textured-Knit Cardigan,H&M,Navy blue,19.99,19.99,19.99,USD,Available,False,True,True,ladies_cardigansjumpers_cardigans,"XL, XXL, XS, S, M, L",6,12,https://www2.hm.com/en_us/productpage.1339884001.html,https://image.hm.com/assets/hm/0d/aa/0daa6f8060449ea4704154f6a0909e5ff1a58e5b.jpg,H&M
1199249063,Wide-leg Joggers,H&M,Dark pigeon blue,19.99,19.99,19.99,USD,Available,False,True,True,ladies_basics_trousersleggings,"XS, L, XL, S, M, XXL",6,12,https://www2.hm.com/en_us/productpage.1199249063.html,https://image.hm.com/assets/hm/8e/52/8e52519869c3c8784091627d9d6f076e84d89288.jpg,H&M
1348668002,Poplin Dress with Flared Skirt,H&M,Black,29.99,29.99,29.99,USD,Available,False,True,True,ladies_dresses_flared,"XS, M, S, XL, L",5,10,https://www2.hm.com/en_us/productpage.1348668002.html,https://image.hm.com/assets/hm/66/97/6697f954582562a8fb82b5cdf4fd1b3d82be13b6.jpg,H&M
1350173003,Fine-knit cape top,H&M,Dark gray,29.99,29.99,29.99,USD,Available,False,True,True,ladies_tops_knitted,"S, XS, XL, L, M",5,10,https://www2.hm.com/en_us/productpage.1350173003.html,https://image.hm.com/assets/hm/51/7f/517f8105f59741816909a06f972d3ae81ac55fbc.jpg,H&M
1339884003,Textured-Knit Cardigan,H&M,Burgundy,19.99,19.99,19.99,USD,Available,False,True,True,ladies_cardigansjumpers_cardigans,"S, XS, L, M, XXL, XL",6,12,https://www2.hm.com/en_us/productpage.1339884003.html,https://image.hm.com/assets/hm/cb/07/cb074c0a5ab5f7d3eca2a307de26023e98493347.jpg,H&M
1350382001,Embroidered Mini Skirt,H&M,Black,79.99,79.99,79.99,USD,Available,False,True,True,ladies_skirts,"10, 14, 2, 6, 18",5,10,https://www2.hm.com/en_us/productpage.1350382001.html,https://image.hm.com/assets/hm/48/c7/48c74422b7cecf2a230ff41d302c6de0e94c4e4e.jpg,H&M
1359294001,Beaded Necklace,H&M,Pink/cream/gold-colored,19.99,19.99,19.99,USD,Available,False,True,True,ladies_accessories_jewellery_necklaces,NOSIZE,1,2,https://www2.hm.com/en_us/productpage.1359294001.html,https://image.hm.com/assets/hm/6f/a3/6fa305c57e6f566f79821e246b00f2b908239d53.jpg,H&M
1348668001,Poplin Dress with Flared Skirt,H&M,Burgundy,29.99,29.99,29.99,USD,Available,False,True,True,ladies_dresses_flared,"S, XS, L, M, XL",5,10,https://www2.hm.com/en_us/productpage.1348668001.html,https://image.hm.com/assets/hm/20/58/205803b437b316e4bb92332733f967edb7e23600.jpg,H&M
1361330001,Dress with Flared Skirt,H&M,Light beige/floral,44.99,44.99,44.99,USD,Available,False,True,True,ladies_dresses_flared,"M, S, XL, L, XXL, XS",6,12,https://www2.hm.com/en_us/productpage.1361330001.html,https://image.hm.com/assets/hm/a1/08/a10853ac9db5f11a040081159bd096557e91e3b7.jpg,H&M
1350029001,Patterned Dressy Shorts,H&M,Beige/snakeskin pattern,29.99,29.99,29.99,USD,Available,False,True,True,Ladies_shorts_highwaisted,"8, 6, 12, 10, 4, 2",6,12,https://www2.hm.com/en_us/productpage.1350029001.html,https://image.hm.com/assets/hm/27/af/27afab204571bb9ede13193a3e65f9332151237e.jpg,H&M
1359351006,Fine-Knit Cape,H&M,Black,24.99,24.99,24.99,USD,Available,False,True,True,ladies_cardigansjumpers_ponchos,ONESIZE,1,2,https://www2.hm.com/en_us/productpage.1359351006.html,https://image.hm.com/assets/hm/1b/d1/1bd11bceaa2c859e4d65a04a361578a0dffb8b69.jpg,H&M
1330170058,Printed T-Shirt,H&M,Pink/Malibu,12.99,12.99,12.99,USD,Available,False,True,True,ladies_tops_printed_tshirts,"L, M, S, XS",4,8,https://www2.hm.com/en_us/productpage.1330170058.html,https://image.hm.com/assets/hm/f9/e6/f9e658e47a6d8f36bc04870e3e219590a76cde34.jpg,H&M
1342803001,Denim Wrap Shirt,H&M,Denim blue,27.99,27.99,27.99,USD,Available,False,True,True,ladies_shirtsblouses_denimshirts,"XS, M, S",3,6,https://www2.hm.com/en_us/productpage.1342803001.html,https://image.hm.com/assets/hm/04/d4/04d4dcbc6ac6e9a069a0df2733613aff13aa4d42.jpg,H&M
1353445001,Denim Bermuda Shorts,H&M,Light denim blue,39.99,39.99,39.99,USD,Available,False,True,True,Ladies_shorts_highwaisted,"8, 10, 12, 14, 2, 4, 6, 18, 16",9,18,https://www2.hm.com/en_us/productpage.1353445001.html,https://image.hm.com/assets/hm/3f/29/3f297306f11f8ee3ea5dac8754a76902af366c26.jpg,H&M
1316907006,Button-Front Top with Collar,H&M,Light dusty blue,22.99,22.99,22.99,USD,Available,False,False,True,ladies_tops_collared,"M, L, XS, S",4,8,https://www2.hm.com/en_us/productpage.1316907006.html,https://image.hm.com/assets/hm/54/74/5474e3eed550d5eb9aa35e86615465a89b2a2f3e.jpg,H&M
0925212001,Oxford Shirt,H&M,White,24.99,24.99,24.99,USD,Available,False,False,True,ladies_shirtsblouses_shirts,"XS, M, S, XL, L, XXL",6,12,https://www2.hm.com/en_us/productpage.0925212001.html,https://image.hm.com/assets/hm/d6/11/d6115426af0b4851816759d7a4c5e428a6d160c3.jpg,H&M
1347125003,Draped Viscose Top,H&M,Dark blue,14.99,14.99,14.99,USD,Available,False,False,True,ladies_basics_tops_shortsleeve,"L, M, S, XS",4,8,https://www2.hm.com/en_us/productpage.1347125003.html,https://image.hm.com/assets/hm/55/81/55816728792a098a7ea40baee1dc883a27124edb.jpg,H&M
1330170047,Printed T-Shirt,H&M,Dusty pink/Solare,12.99,12.99,12.99,USD,Available,False,False,True,ladies_tops_printed_tshirts,"XS, M, S, L",4,8,https://www2.hm.com/en_us/productpage.1330170047.html,https://image.hm.com/assets/hm/44/01/4401884f6a6502b8e42e1f223d6272b23b2dca84.jpg,H&M
1367088001,Lace-Trimmed Rib-Knit Top,H&M,Black/cream,19.99,19.99,19.99,USD,Available,False,True,True,ladies_tops_knitted,"L, XL, XS, S, M",5,10,https://www2.hm.com/en_us/productpage.1367088001.html,https://image.hm.com/assets/hm/b0/9a/b09abaea009c50f8aba23ba178336e9c68c18fda.jpg,H&M
1239334026,Cap-sleeved Dress,H&M,Cream/polka dot,24.99,24.99,24.99,USD,Available,False,False,True,ladies_dresses_bodycon,"XS, S, M, L, XL",5,10,https://www2.hm.com/en_us/productpage.1239334026.html,https://image.hm.com/assets/hm/bb/fc/bbfc800d6627763a4d06eef8e4d119a39360e39d.jpg,H&M
1344756002,Dolman-Sleeved Linen-Blend Shirt,H&M,White,39.99,39.99,39.99,USD,Available,False,False,True,ladies_premium_selection_tops,"XXL, L, XL, S, M, XS",6,12,https://www2.hm.com/en_us/productpage.1344756002.html,https://image.hm.com/assets/hm/7f/80/7f8083e6f2c80cb57f6aa5be48ca84da313dfc31.jpg,H&M
1347125002,Draped Viscose Top,H&M,Dark brown,14.99,14.99,14.99,USD,Available,False,False,True,ladies_basics_tops_shortsleeve,"XL, M, L, XS, S",5,10,https://www2.hm.com/en_us/productpage.1347125002.html,https://image.hm.com/assets/hm/e1/5b/e15b35d8e76f0434eeceb4bbc2f61e1141fe630d.jpg,H&M
1362957001,Tie-Detail Cutout Dress,H&M,Navy blue/floral,59.99,59.99,59.99,USD,Available,False,True,True,ladies_dresses_backless,"M, S, XS, L",4,8,https://www2.hm.com/en_us/productpage.1362957001.html,https://image.hm.com/assets/hm/e4/bb/e4bb65e909f3f3f0ee442af89ae3d35e8f3abbfc.jpg,H&M
1341688023,Oversized Printed T-Shirt,H&M,Black/Condé Nast Glamour,19.99,19.99,19.99,USD,Available,False,False,True,ladies_tops_printed_tshirts,"XXL, XS, L, XL, S, M",6,12,https://www2.hm.com/en_us/productpage.1341688023.html,https://image.hm.com/assets/hm/e6/24/e6246b961f90110a019cf381a86fb38c7d8f05a0.jpg,H&M
1358089005,Oversized Pullover Shirt,H&M,Olive green/striped,34.99,34.99,34.99,USD,Available,False,True,True,ladies_shirtsblouses_shirts,"S, XS, L, M",4,8,https://www2.hm.com/en_us/productpage.1358089005.html,https://image.hm.com/assets/hm/eb/2b/eb2be6e35555b1fb17f6c621ade3dbd5dea0133e.jpg,H&M
1329670008,Cotton T-Shirt,H&M,Pink,7.99,7.99,7.99,USD,Available,False,False,True,ladies_basics_tops_shortsleeve,"XL, L, M, S, XS, XXL",6,12,https://www2.hm.com/en_us/productpage.1329670008.html,https://image.hm.com/assets/hm/d5/fc/d5fca1f3110e9c0b1afbba301b57482595f6d6f9.jpg,H&M
1338599001,Kitten-Heeled Suede Mules,H&M,Beige,59.99,59.99,59.99,USD,Available,False,True,True,ladies_premium_selection_shoes,"5, 4, 7, 6, 11, 10, 9, 8",8,16,https://www2.hm.com/en_us/productpage.1338599001.html,https://image.hm.com/assets/hm/f2/62/f26228db68a768d56ecfcd849ee7b575545047f0.jpg,H&M
1351647001,Wrap Midi Dress,H&M,Beige,49.99,49.99,49.99,USD,Available,False,True,True,ladies_dresses_draped,"XS, XL, L, M, S",5,10,https://www2.hm.com/en_us/productpage.1351647001.html,https://image.hm.com/assets/hm/d1/36/d136583c6cc5c34539ad1db19f5f2326749ec359.jpg,H&M
1359235001,Embroidered Beach Shirt,H&M,White/flowers,49.99,49.99,49.99,USD,Available,False,True,True,ladies_shirtsblouses_shirts,"S, XS, XL, L, M",5,10,https://www2.hm.com/en_us/productpage.1359235001.html,https://image.hm.com/assets/hm/9f/dc/9fdc2722b22f6e919d38f18b30e140a738740272.jpg,H&M
1340747002,Lyocell-Blend Handkerchief Blouse,H&M,Dusty pink/patterned,27.99,27.99,27.99,USD,Available,False,True,True,ladies_shirtsblouses_blouses,"S, XS",2,4,https://www2.hm.com/en_us/productpage.1340747002.html,https://image.hm.com/assets/hm/63/1b/631bf54f164f0ed92714b37219c40acd3a62f1ac.jpg,H&M
1045459081,Harper High Rise Wide Leg Jeans,H&M,Light denim blue,34.99,34.99,34.99,USD,Available,False,False,True,ladies_jeans_wide,"18, 20, 22, 2, 4, 6, 8, 10, 12, 14, 16",11,22,https://www2.hm.com/en_us/productpage.1045459081.html,https://image.hm.com/assets/hm/a0/8d/a08db9454a2ce609202275c4ca931ce27460b120.jpg,H&M
1353714007,Jersey Drawstring Pants,H&M,Dark gray,27.99,27.99,27.99,USD,Available,False,False,True,ladies_trousers_drawstring,"M, L, XS, S, XL, XXL",6,12,https://www2.hm.com/en_us/productpage.1353714007.html,https://image.hm.com/assets/hm/88/29/882973df15f63a767203a9551066a1b94a3d594e.jpg,H&M
1348428001,Long Handkerchief Skirt,H&M,Beige,39.99,39.99,39.99,USD,Available,False,True,True,ladies_skirts_flared,"L, M, S, XS",4,8,https://www2.hm.com/en_us/productpage.1348428001.html,https://image.hm.com/assets/hm/9f/13/9f13768294597e15a847a00e337eaa075d535779.jpg,H&M
1348995001,Crinkled Pull-On Pants,H&M,Black,19.99,19.99,19.99,USD,Available,False,False,True,ladies_trousers_highwaisted,"XS, XL, L, M, S",5,10,https://www2.hm.com/en_us/productpage.1348995001.html,https://image.hm.com/assets/hm/c4/80/c48067e0475a3bfd30bc451480ca646d863a74b6.jpg,H&M
1290209018,Boxy T-Shirt,H&M,Pale yellow,12.99,12.99,12.99,USD,Available,False,False,True,ladies_basics_tops_shortsleeve,"L, XL, S, M, XS",5,10,https://www2.hm.com/en_us/productpage.1290209018.html,https://image.hm.com/assets/hm/14/e0/14e0e567e014209ceb4ffdc0e10af4922d44ba60.jpg,H&M
1340112004,Ruched Cotton Blouse,H&M,Light beige/floral,24.99,24.99,24.99,USD,Available,False,False,True,ladies_shirtsblouses_blouses,"XL, L, XXL, XS, XXS, M, S",7,14,https://www2.hm.com/en_us/productpage.1340112004.html,https://image.hm.com/assets/hm/ea/97/ea97b1a13a8bb8fde8d2f63e812200ad34e84027.jpg,H&M
1343919002,Long-sleeved jersey top,H&M,Dark plum purple,9.99,9.99,9.99,USD,Available,False,True,True,ladies_tops_longsleeve,"S, M, L, XL, XS, XXL",6,12,https://www2.hm.com/en_us/productpage.1343919002.html,https://image.hm.com/assets/hm/a7/e9/a7e9f9237c2ef31255624a51c8a5793dc6cbd6c9.jpg,H&M
1294765016,Sports Wrap Top in Modal,H&M,Black,29.99,29.99,29.99,USD,Available,False,False,True,sportswear_women_activity_yoga_tops,"XXL, XL, L, M, S, XS",6,12,https://www2.hm.com/en_us/productpage.1294765016.html,https://image.hm.com/assets/hm/81/b5/81b544acc6b02a93f22cb0b7c48c1828aac209c9.jpg,H&M
1351340001,Cotton Polo Shirt,H&M,Cream/striped,19.99,19.99,19.99,USD,Available,False,True,True,ladies_tops_collared,"S, M, XS, XXL, L, XL",6,12,https://www2.hm.com/en_us/productpage.1351340001.html,https://image.hm.com/assets/hm/0a/d5/0ad5d54d24a3362efc856b5ad036992d4e388498.jpg,H&M
1290209015,Boxy T-Shirt,H&M,Black,12.99,12.99,12.99,USD,Available,False,False,True,ladies_basics_tops_shortsleeve,"XL, XXL, XS, S, M, L",6,12,https://www2.hm.com/en_us/productpage.1290209015.html,https://image.hm.com/assets/hm/74/28/7428b68eb75d372fe1bce16d005106a11c9d4e28.jpg,H&M
1356122003,Crêpe Jersey Jacket,H&M,Cream,44.99,44.99,44.99,USD,Available,False,True,True,ladies_jacketscoats_jackets,"XL, L, M, S, XS",5,10,https://www2.hm.com/en_us/productpage.1356122003.html,https://image.hm.com/assets/hm/58/08/5808c682d74ad13ee6067ea4badc33c69ef2524e.jpg,H&M
1359526002,Puff-Sleeved Asymmetric Top,H&M,Black,14.99,14.99,14.99,USD,Available,False,True,True,ladies_tops_puffsleeve,"M, L, XS, S",4,8,https://www2.hm.com/en_us/productpage.1359526002.html,https://image.hm.com/assets/hm/d8/92/d8928bd9db676a5efc11cb5656fd87f210f28817.jpg,H&M
1348330001,Wool Capri Pants,H&M,Black,79.99,79.99,79.99,USD,Available,False,True,True,ladies_premium_selection_bottoms,"10, 12, 6, 8, 14, 16, 18, 4, 20",9,18,https://www2.hm.com/en_us/productpage.1348330001.html,https://image.hm.com/assets/hm/55/1d/551d4709e476a8a509288b092aa6b239a69e53a5.jpg,H&M
1344276001,Padded Bikini Top,H&M,Pink/floral,24.99,24.99,24.99,USD,Available,False,True,True,ladies_swimwear_bikinisets_tops,"XS, L, XL, S, M",5,10,https://www2.hm.com/en_us/productpage.1344276001.html,https://image.hm.com/assets/hm/1a/3e/1a3e6c827eeb3d0e22aca8ea48c2bdc60bbb6bfd.jpg,H&M
1045459086,Harper High Rise Wide Leg Jeans,H&M,Dark brown,34.99,34.99,34.99,USD,Available,False,False,True,ladies_jeans_wide,"10, 8, 6, 4, 16, 14, 12, 2, 0, 22, 20, 18",12,24,https://www2.hm.com/en_us/productpage.1045459086.html,https://image.hm.com/assets/hm/d9/cb/d9cbd5615ab3ae695b2ffee69245ef11a800d424.jpg,H&M
1350139003,Flared-Skirt Twill Dress,H&M,Denim blue,59.99,59.99,59.99,USD,Available,False,True,True,ladies_dresses_backless,"L, M, S, XS",4,8,https://www2.hm.com/en_us/productpage.1350139003.html,https://image.hm.com/assets/hm/e5/6b/e56bc7626d78eb837d45dc0828fa6151cf25688c.jpg,H&M
0579541228,Fine-Knit Cardigan,H&M,Dark gray melange,17.99,17.99,17.99,USD,Available,False,True,True,ladies_basics_cardigansjumpers,"L, M, S, XS, XL",5,10,https://www2.hm.com/en_us/productpage.0579541228.html,https://image.hm.com/assets/hm/37/d0/37d01396f483292ac0931459774218bc93f2fca9.jpg,H&M
1354570001,Cotton-Blend Polo Shirt,H&M,Light blue/burgundy striped,24.99,24.99,24.99,USD,Available,False,True,True,ladies_tops_collared,"L, XL, S, M, XS",5,10,https://www2.hm.com/en_us/productpage.1354570001.html,https://image.hm.com/assets/hm/a4/9c/a49ce10223169cee7ba6c9f5ff8b10df6f4bddba.jpg,H&M
1340598002,Wide-Leg Regular Waist Jeans,H&M,Light denim blue,39.99,39.99,39.99,USD,Available,False,True,True,ladies_jeans_wide,"2, 6, 4, 10, 8, 14, 12, 16, 18",9,18,https://www2.hm.com/en_us/productpage.1340598002.html,https://image.hm.com/assets/hm/5a/65/5a6583147c31e07e24e4f98a4f2df523895b7ed3.jpg,H&M
1142908001,Fitted Microfiber T-shirt,H&M,Black,12.99,12.99,12.99,USD,Available,False,False,True,ladies_basics_tops_shortsleeve,"XL, L, M, S",4,8,https://www2.hm.com/en_us/productpage.1142908001.html,https://image.hm.com/assets/hm/2b/72/2b722de1d8e9b38af30da131d8fb91ed5b5fe8fa.jpg,H&M
1348953001,Printed Tie-Detail Dress,H&M,Black/floral,49.99,49.99,49.99,USD,Available,False,True,True,ladies_dresses_flared,"S, M, XS, L, XL",5,10,https://www2.hm.com/en_us/productpage.1348953001.html,https://image.hm.com/assets/hm/9f/af/9faf6e0f682fed39fe05fd0f1a280eea142225ce.jpg,H&M
1360820001,Balloon-Sleeved Cotton Shirt,H&M,Cream,24.99,24.99,24.99,USD,Available,False,True,True,ladies_shirtsblouses_shirts,"L, M, XL, S, XS",5,10,https://www2.hm.com/en_us/productpage.1360820001.html,https://image.hm.com/assets/hm/92/31/923176493859ed485f0f04dfca5a3f316c684e52.jpg,H&M
1348924003,Button-Front Midi Dress,H&M,Black/floral,34.99,34.99,34.99,USD,Available,False,True,True,ladies_dresses_flared,"XS, XXL, M, S, XL, L",6,12,https://www2.hm.com/en_us/productpage.1348924003.html,https://image.hm.com/assets/hm/c8/19/c819fec324e00dccb36874af4871d10483841af9.jpg,H&M
1366224001,Flounced Eyelet-Embroidered Blouse,H&M,White,49.99,49.99,49.99,USD,Available,False,True,True,ladies_shirtsblouses_blouses,"M, L, XS, S",4,8,https://www2.hm.com/en_us/productpage.1366224001.html,https://image.hm.com/assets/hm/3f/fb/3ffb61695228ed5f611a5bd792d634fea363b5e2.jpg,H&M
1344226002,Cotton Mesh Beach Dress,H&M,Light pink,44.99,44.99,44.99,USD,Available,False,True,True,ladies_dresses_beachdresses,"S, M, L, XL, XS",5,10,https://www2.hm.com/en_us/productpage.1344226002.html,https://image.hm.com/assets/hm/45/2a/452a7766b9babaf9f61fe363c5e5a1e207d4b42f.jpg,H&M
1344226001,Cotton Mesh Beach Dress,H&M,White,44.99,44.99,44.99,USD,Available,False,True,True,ladies_dresses_beachdresses,"XL, XS, S, M, L",5,10,https://www2.hm.com/en_us/productpage.1344226001.html,https://image.hm.com/assets/hm/be/a2/bea27339487072750daffe19038dcc88118a3fa4.jpg,H&M
1347186005,Fitted Modal T-Shirt,H&M,Dusty pink,9.99,9.99,9.99,USD,Available,False,False,True,ladies_basics_tops_shortsleeve,"L, M, XL, S, XS",5,10,https://www2.hm.com/en_us/productpage.1347186005.html,https://image.hm.com/assets/hm/da/83/da83e0fb53b99600538fcca90c98df0f34bd77af.jpg,H&M
1352971003,MAMA Straight Low Waist Jeans,H&M,Denim blue,54.99,54.99,54.99,USD,Available,False,True,True,ladies_maternity_jeans,"XS, S, M, L, XL, XXL",6,12,https://www2.hm.com/en_us/productpage.1352971003.html,https://image.hm.com/assets/hm/be/3f/be3fe6979a424efe2b8d82239c6c2a2f36e94828.jpg,H&M
1340697007,Ribbed Cotton Tank Top,H&M,Dark gray,12.99,12.99,12.99,USD,Available,False,False,True,ladies_basics_tops_vests,"XXL, XL, S, XS, L, M",6,12,https://www2.hm.com/en_us/productpage.1340697007.html,https://image.hm.com/assets/hm/19/80/1980b6ad6c31b674d607914e0307828faf7382d9.jpg,H&M
1351646001,Belted Tunic Dress,H&M,Black/floral,59.99,59.99,59.99,USD,Available,False,True,True,ladies_dresses_maxidresses,"XS, S, M, L, XL",5,10,https://www2.hm.com/en_us/productpage.1351646001.html,https://image.hm.com/assets/hm/e3/d1/e3d11ffe8dda968bb63e0a7b3f8f9ed19583e976.jpg,H&M
1341688019,Oversized Printed T-Shirt,H&M,White/Condé Nast Glamour,19.99,19.99,19.99,USD,Available,False,False,True,ladies_tops_printed_tshirts,"L, M, S, XS, XXL, XL",6,12,https://www2.hm.com/en_us/productpage.1341688019.html,https://image.hm.com/assets/hm/db/58/db589210a7980be9abdcf5a7b00e4dd19bacb84a.jpg,H&M
1348331001,Wool Pencil Skirt,H&M,Light gray melange,69.99,69.99,69.99,USD,Available,False,True,True,ladies_premium_selection_bottoms,"18, 20, 0, 2, 4, 6, 8, 10, 12, 14, 16",11,22,https://www2.hm.com/en_us/productpage.1348331001.html,https://image.hm.com/assets/hm/8f/82/8f82342474dc5f578d6de329a8c16eb9d80aa3b0.jpg,H&M
1142908079,Fitted Microfiber T-shirt,H&M,Pale yellow,12.99,12.99,12.99,USD,Available,False,False,True,ladies_basics_tops_shortsleeve,"S, XS, L, M, XXL, XL",6,12,https://www2.hm.com/en_us/productpage.1142908079.html,https://image.hm.com/assets/hm/2c/4b/2c4bda4f2704f4e9f8a635147b1e27e74afa0cc6.jpg,H&M
1340768001,Capri Pants,H&M,Black,24.99,24.99,24.99,USD,Available,False,True,True,ladies_trousers,"2, 8, 10, 4, 6",5,10,https://www2.hm.com/en_us/productpage.1340768001.html,https://image.hm.com/assets/hm/ee/b6/eeb61413e6312ff290d3b3b7158fd741348418fa.jpg,H&M
1350595002,Gathered Crêpe Skirt,H&M,Pink,49.99,49.99,49.99,USD,Available,False,True,True,ladies_skirts_longskirts,"L, M, S, XS",4,8,https://www2.hm.com/en_us/productpage.1350595002.html,https://image.hm.com/assets/hm/34/8d/348d2e94b0ff8603d9d793cc6cea02ffeb4c6320.jpg,H&M
1337692007,Raw-Edge Denim Shorts,H&M,Dark brown,24.99,24.99,24.99,USD,Available,False,False,True,ladies_shorts_jeans,"2, 18, 16, 14, 12, 10, 8, 6, 4",9,18,https://www2.hm.com/en_us/productpage.1337692007.html,https://image.hm.com/assets/hm/1a/28/1a28747d01dbde302e3e83aa9d9d285618836350.jpg,H&M
1349710003,High-Waist Barrel-Leg Ankle Jeans,H&M,Light beige,39.99,39.99,39.99,USD,Available,False,True,True,ladies_jeans_barrel,"8, 10, 2, 4, 6",5,10,https://www2.hm.com/en_us/productpage.1349710003.html,https://image.hm.com/assets/hm/d2/03/d203b2c555b8b41bc0092af169e5dc9eff10b731.jpg,H&M
1341808005,Fitted T-Shirt,H&M,Navy blue/striped,14.99,14.99,14.99,USD,Available,False,False,True,ladies_basics_tops_shortsleeve,"XXL, L, XL, S, M, XS",6,12,https://www2.hm.com/en_us/productpage.1341808005.html,https://image.hm.com/assets/hm/f6/a8/f6a863e6055f79775f10ddae28ce83fde46d4cf3.jpg,H&M
1327577013,Denim Bermuda Shorts,H&M,Light beige/leopard print,29.99,29.99,29.99,USD,Available,False,False,True,Ladies_shorts_highwaisted,"14, 12, 10, 8, 6, 4, 2, 0, 22, 20",10,20,https://www2.hm.com/en_us/productpage.1327577013.html,https://image.hm.com/assets/hm/36/54/36540c1a6f6af7b5d9ef5c11f6866b95e164f82e.jpg,H&M
1333860003,Knit Boat-Neck Top,H&M,Light beige,19.99,19.99,19.99,USD,Available,False,False,True,ladies_tops_knitted,"XS, L, M",3,6,https://www2.hm.com/en_us/productpage.1333860003.html,https://image.hm.com/assets/hm/80/11/8011d41125e186705aa6ce6e5a5e89b2f47ed6a8.jpg,H&M
1297196005,Oversized Poplin Shirt,H&M,Blue,19.99,19.99,19.99,USD,Available,False,False,True,ladies_shirtsblouses_shirts,"S, M, L, XL, XS",5,10,https://www2.hm.com/en_us/productpage.1297196005.html,https://image.hm.com/assets/hm/a0/fb/a0fb15476b6c3a49b8abc89372cb7b7d484d27b1.jpg,H&M
1346059003,Oversized Twill Jacket,H&M,Dark khaki green,49.99,49.99,49.99,USD,Available,False,True,True,ladies_jacketscoats_jackets,"L, M, XXL, XL, S, XS",6,12,https://www2.hm.com/en_us/productpage.1346059003.html,https://image.hm.com/assets/hm/8b/b7/8bb7c1d0a275daa269e355c26848060086937c73.jpg,H&M
1340697006,Ribbed Cotton Tank Top,H&M,Dark brown/striped,12.99,12.99,12.99,USD,Available,False,False,True,ladies_basics_tops_vests,"XL, L, XXL, XS, M, S",6,12,https://www2.hm.com/en_us/productpage.1340697006.html,https://image.hm.com/assets/hm/03/c1/03c18936849af03a612c21834091828fb586e547.jpg,H&M
1229036133,Patterned Scarf,H&M,Dark brown/leopard print,9.99,9.99,9.99,USD,Available,False,True,True,ladies_accessories_scarves,31x31,1,2,https://www2.hm.com/en_us/productpage.1229036133.html,https://image.hm.com/assets/hm/73/a2/73a236ecefbc54871039c9adeb2208ae4cf856a8.jpg,H&M
1350623001,Button-Front Balloon-Sleeved Blouse,H&M,Light dusty beige/floral,44.99,44.99,44.99,USD,Available,False,True,True,ladies_shirtsblouses_blouses,"S, XL, M, L",4,8,https://www2.hm.com/en_us/productpage.1350623001.html,https://image.hm.com/assets/hm/f2/b0/f2b04831ee73a22cafcab6289572e527855f856a.jpg,H&M
1348336001,Batwing-Sleeved Pima Cotton Top,H&M,Black,39.99,39.99,39.99,USD,Available,False,True,True,ladies_premium_selection_tops,"L, M, S, XS, XXL, XL",6,12,https://www2.hm.com/en_us/productpage.1348336001.html,https://image.hm.com/assets/hm/ac/3c/ac3c290903558ebac1f97e989cc5b26bbfc5263d.jpg,H&M
1322041001,3-Pack Cotton Tank Tops,H&M,White/dark brown/black,24.99,24.99,24.99,USD,Available,False,False,True,ladies_basics_tops_vests,"XS, L, XL, S, M, XXL",6,12,https://www2.hm.com/en_us/productpage.1322041001.html,https://image.hm.com/assets/hm/ba/45/ba45c47f069cb122198a021b252425b1ca79577c.jpg,H&M
1346732001,Eyelet-Embroidered Top with Tie Shoulder Straps,H&M,Light blue,29.99,29.99,29.99,USD,Available,False,False,True,ladies_tops_vests,"L, M, S, XS",4,8,https://www2.hm.com/en_us/productpage.1346732001.html,https://image.hm.com/assets/hm/14/06/14065c04f9f423564d3fc4ef0844260c3c35b66d.jpg,H&M
1355267004,Tie-Belt Shirt Dress,H&M,Pink,29.99,29.99,29.99,USD,Available,False,True,True,ladies_dresses_flared,"XL, XXL, M, L, XS, S",6,12,https://www2.hm.com/en_us/productpage.1355267004.html,https://image.hm.com/assets/hm/ee/02/ee02b7a5fb95fd681da84b78a6bdb055ccc6bfdc.jpg,H&M
1350359001,Embroidered Blouse,H&M,Black,89.99,89.99,89.99,USD,Available,False,True,True,ladies_shirtsblouses_blouses,"M, L",2,4,https://www2.hm.com/en_us/productpage.1350359001.html,https://image.hm.com/assets/hm/5e/ac/5eac7d236fd8804244097d53087be3c251375643.jpg,H&M
1349469001,Jacquard-Weave Dress with Fringe,H&M,Dark plum purple,69.99,69.99,69.99,USD,Available,False,True,True,ladies_dresses_cocktail,"XL, L, M, S, XS",5,10,https://www2.hm.com/en_us/productpage.1349469001.html,https://image.hm.com/assets/hm/97/19/9719593b74a8f3bc7dd8901b35c2a40498fe34ea.jpg,H&M
1348991002,Draped Asymmetric Top,H&M,Cream,14.99,14.99,14.99,USD,Available,False,False,True,ladies_tops,"XS, S, XL, M, L",5,10,https://www2.hm.com/en_us/productpage.1348991002.html,https://image.hm.com/assets/hm/fc/40/fc40b0e21684e8d50415887f89ce01e7a5b91e95.jpg,H&M
1344035003,Tie-Belt Shirt Dress,H&M,Black,34.99,34.99,34.99,USD,Available,False,False,True,ladies_dresses_aline,"XXL, XL, L, M, S, XS",6,12,https://www2.hm.com/en_us/productpage.1344035003.html,https://image.hm.com/assets/hm/d7/b8/d7b88d9d9ab35cf7fd3dcfb0a866d67245232648.jpg,H&M
1268221019,Cheeky Bikini Bottoms,H&M,Pink/floral,12.99,12.99,12.99,USD,Available,False,True,True,ladies_swimwear_bikinisets_bottoms,"S, M, L, XL, XS",5,10,https://www2.hm.com/en_us/productpage.1268221019.html,https://image.hm.com/assets/hm/de/af/deaf50b70e673389cb0ca0fb305b2a30a3d4fe48.jpg,H&M
1257593049,Ribbed Tank Top,H&M,Dark blue,9.99,9.99,9.99,USD,Available,False,False,True,ladies_basics_tops_vests,"M, L, XS, S, XL, XXL",6,12,https://www2.hm.com/en_us/productpage.1257593049.html,https://image.hm.com/assets/hm/fb/5f/fb5fb24025ba41243036662b13f86dce604ba4f1.jpg,H&M
1346094002,Wide-Leg Pants with Belt,H&M,Dark brown,34.99,34.99,34.99,USD,Available,False,False,True,ladies_trousers_dressed,"14, 16, 18, 2, 4, 10, 12, 6, 8",9,18,https://www2.hm.com/en_us/productpage.1346094002.html,https://image.hm.com/assets/hm/2c/e2/2ce2b71f772338fc3e9e70b8bd20e1fc01f9e8e0.jpg,H&M
1351671005,Oversized Printed T-Shirt,H&M,White/Sol de Verano,19.99,19.99,19.99,USD,Available,False,True,True,ladies_tops_printed_tshirts,"XL, L, M, S, XS",5,10,https://www2.hm.com/en_us/productpage.1351671005.html,https://image.hm.com/assets/hm/1c/59/1c59c699c1be9636ccd71783597b07729748688f.jpg,H&M
1350154003,Asymmetric Halterneck Top,H&M,Burgundy,14.99,14.99,14.99,USD,Available,False,True,True,ladies_tops_halterneck,"L, S, M, XXS, XS",5,10,https://www2.hm.com/en_us/productpage.1350154003.html,https://image.hm.com/assets/hm/a8/4e/a84e724a16935bddfeeb45c5b149b65c72e39aa9.jpg,H&M
1260556033,Ribbed T-Shirt,H&M,Navy blue,9.99,9.99,9.99,USD,Available,False,False,True,ladies_basics_tops_shortsleeve,"M, L, XS, S, XL, XXL",6,12,https://www2.hm.com/en_us/productpage.1260556033.html,https://image.hm.com/assets/hm/b6/4d/b64d9e00bab10e34a53568d49833d76596b9f306.jpg,H&M
1357093001,Twist-Detail High-Low Top,H&M,White,22.99,22.99,22.99,USD,Available,False,True,True,ladies_tops_shortsleeve,"XS, S, M",3,6,https://www2.hm.com/en_us/productpage.1357093001.html,https://image.hm.com/assets/hm/a0/a7/a0a78b0a82eb36e2d42564cfb030a444789d2b28.jpg,H&M
1330168009,Puff-Sleeved Blouse,H&M,Blue/striped,24.99,24.99,24.99,USD,Available,False,False,True,ladies_shirtsblouses_blouses,"M, L, XS, S, XL",5,10,https://www2.hm.com/en_us/productpage.1330168009.html,https://image.hm.com/assets/hm/1b/dd/1bddaee550fb5f85567bd9103b68912113c3285e.jpg,H&M
1341041001,Draped Halterneck Dress,H&M,Black,19.99,19.99,19.99,USD,Available,False,False,True,ladies_dresses_backless,"XS, S, XL, XXL, M, L",6,12,https://www2.hm.com/en_us/productpage.1341041001.html,https://image.hm.com/assets/hm/18/6e/186e4ed05e35d8a9a80bc25a2c864e8f919f9c94.jpg,H&M
1360779002,Lace-Trimmed Dress,H&M,Powder pink,49.99,49.99,49.99,USD,Available,False,True,True,ladies_dresses_shortdresses,"L, M, S, XS",4,8,https://www2.hm.com/en_us/productpage.1360779002.html,https://image.hm.com/assets/hm/57/c8/57c850a210f4527cd70eccaa3b8a8ec02435952e.jpg,H&M
1330170033,Printed T-Shirt,H&M,Black/Costa Rica,12.99,12.99,12.99,USD,Available,False,False,True,ladies_tops_printed_tshirts,"S, XS, L, M",4,8,https://www2.hm.com/en_us/productpage.1330170033.html,https://image.hm.com/assets/hm/55/4d/554dc58649b2f3866ee6d9b307e58afbd8d1d19c.jpg,H&M
1363888001,Cotton Dress with Flared Skirt,H&M,Cream/polka dot,44.99,44.99,44.99,USD,Available,False,True,True,ladies_dresses_flared,"S, M, XS, L",4,8,https://www2.hm.com/en_us/productpage.1363888001.html,https://image.hm.com/assets/hm/a8/d8/a8d87f3a24bddc67802a144cbc804ea65cd990a2.jpg,H&M
1360182002,Tie-Belt Dress,H&M,Black/gingham,44.99,44.99,44.99,USD,Available,False,False,True,ladies_dresses_mididresses,"XS, S, M, L",4,8,https://www2.hm.com/en_us/productpage.1360182002.html,https://image.hm.com/assets/hm/4e/63/4e63c3b81fbe318829aa475e13bced6e2ecdbfbf.jpg,H&M
1357162002,Printed Cotton T-Shirt,H&M,Cream/Amalfi,19.99,19.99,19.99,USD,Available,False,False,True,ladies_tops_printed_tshirts,"S, XS, L, M",4,8,https://www2.hm.com/en_us/productpage.1357162002.html,https://image.hm.com/assets/hm/e4/df/e4df5793593acfa0e5cd2489cab8c755c23c9efc.jpg,H&M
1199249072,Wide-leg Joggers,H&M,Light dusty blue,19.99,19.99,19.99,USD,Available,False,True,True,ladies_basics_trousersleggings,"XXL, XL, L, M, S, XS",6,12,https://www2.hm.com/en_us/productpage.1199249072.html,https://image.hm.com/assets/hm/90/bf/90bf2046293b477bf4eeeb53dcdff54e52227dc2.jpg,H&M
1365583001,Puff-Sleeved Peplum Blouse,H&M,Light beige/floral,19.99,19.99,19.99,USD,Available,False,True,True,ladies_shirtsblouses_blouses,"XS, S, M, L, XL",5,10,https://www2.hm.com/en_us/productpage.1365583001.html,https://image.hm.com/assets/hm/0b/f5/0bf588074e0db8831519994f30cf87183a4d4a26.jpg,H&M
1346460001,Oversized Linen Shirt,H&M,Light beige/striped,44.99,44.99,44.99,USD,Available,False,False,True,ladies_premium_selection_tops,"XXL, XL, L, M, S",5,10,https://www2.hm.com/en_us/productpage.1346460001.html,https://image.hm.com/assets/hm/5c/b0/5cb08fff7dd2728ab21a0a8a6762bc1ecdf936b8.jpg,H&M
1350600001,Cropped Tie-Detail Jacket,H&M,Black,89.99,89.99,89.99,USD,Available,False,True,True,ladies_blazerswaistcoats_cropped,"XL, L, M, S",4,8,https://www2.hm.com/en_us/productpage.1350600001.html,https://image.hm.com/assets/hm/08/4f/084fdd23b2c549bd7feed49023a42598e2c10e3d.jpg,H&M
1351651002,Satin Midi Dress,H&M,Dark beige,49.99,49.99,49.99,USD,Available,False,True,True,ladies_dresses_mididresses,"L, M, S, XS",4,8,https://www2.hm.com/en_us/productpage.1351651002.html,https://image.hm.com/assets/hm/52/82/5282d58bc32cf17bb42ad2e79c9d55074f0e8058.jpg,H&M
1142908076,Fitted Microfiber T-shirt,H&M,Light beige,12.99,12.99,12.99,USD,Available,False,False,True,ladies_basics_tops_shortsleeve,"L, XL, XXL, XS, S, M",6,12,https://www2.hm.com/en_us/productpage.1142908076.html,https://image.hm.com/assets/hm/fe/2e/fe2e8aeff5d2e3b6c749ec79a3b2994455e654df.jpg,H&M
1343981002,Cotton Beach Shirt with Eyelet Embroidery,H&M,Yellow,39.99,39.99,39.99,USD,Available,False,True,True,ladies_shirtsblouses_shirts,"XL, M, L, XS, S",5,10,https://www2.hm.com/en_us/productpage.1343981002.html,https://image.hm.com/assets/hm/a3/df/a3df7785dc1bf76a92333371454b4667ad852170.jpg,H&M
1328441004,Ribbed Boat-Neck Top,H&M,Red,12.99,12.99,12.99,USD,Available,False,True,True,ladies_tops_longsleeve,"XL, M, L, XS, S",5,10,https://www2.hm.com/en_us/productpage.1328441004.html,https://image.hm.com/assets/hm/f1/e9/f1e9142a737ce7bfee3843101c8e0b9261c89503.jpg,H&M
1348953002,Printed Tie-Detail Dress,H&M,Light beige/floral,49.99,49.99,49.99,USD,Available,False,True,True,ladies_dresses_flared,"M, L, XS, S, XL",5,10,https://www2.hm.com/en_us/productpage.1348953002.html,https://image.hm.com/assets/hm/d3/d3/d3d31fd854b610fdf37b443c61682f81f711472e.jpg,H&M
1337692001,Raw-Edge Denim Shorts,H&M,Light denim blue,24.99,24.99,24.99,USD,Available,False,False,True,ladies_shorts_jeans,"16, 10, 8, 14, 12, 2, 0, 6, 4, 18",10,20,https://www2.hm.com/en_us/productpage.1337692001.html,https://image.hm.com/assets/hm/39/d2/39d2d51e9c191bb4dbaea5accebdbbf8a1815b30.jpg,H&M
1340756002,Crinkled Satin Pants,H&M,Dark gray,19.99,19.99,19.99,USD,Available,False,True,True,ladies_trousers_barrel,"L, XL, XXL, XXS, XS, S, M",7,14,https://www2.hm.com/en_us/productpage.1340756002.html,https://image.hm.com/assets/hm/7b/ca/7bca9997cc1285fa703aff92fbbb1fd678ada983.jpg,H&M
1297196003,Oversized Poplin Shirt,H&M,Dark red/striped,19.99,19.99,19.99,USD,Available,False,False,True,ladies_shirtsblouses_shirts,"M, S, XS, XL, L",5,10,https://www2.hm.com/en_us/productpage.1297196003.html,https://image.hm.com/assets/hm/29/7b/297b3423a31326028581176a02aba716461778fb.jpg,H&M
1350139002,Flared-Skirt Twill Dress,H&M,Cream,59.99,59.99,59.99,USD,Available,False,True,True,ladies_dresses_backless,"M, S, XS, L",4,8,https://www2.hm.com/en_us/productpage.1350139002.html,https://image.hm.com/assets/hm/48/78/4878ca4a89d52790e1fec2eb922b9c8532205d4d.jpg,H&M
1342471002,Bandeau Maxi Dress,H&M,Black,24.99,24.99,24.99,USD,Available,False,False,True,ladies_dresses_aline,"XS, M, S, XL, L, XXL",6,12,https://www2.hm.com/en_us/productpage.1342471002.html,https://image.hm.com/assets/hm/01/98/01981c1cb79d1eb89d8f0e6e6b9d07990d0c23e2.jpg,H&M
1348614001,Oversized Linen-Blend Shirt,H&M,Light yellow/floral,49.99,49.99,49.99,USD,Available,False,True,True,ladies_premium_selection_tops,"XS, L, XL, S, M",5,10,https://www2.hm.com/en_us/productpage.1348614001.html,https://image.hm.com/assets/hm/8e/9b/8e9bcf062f602d04fd21492712b1d32c377de4e0.jpg,H&M
1350596002,Bubble-Hem Crêpe Top,H&M,Pink,29.99,29.99,29.99,USD,Available,False,True,True,ladies_tops_shortsleeve,"S, XS, L, M",4,8,https://www2.hm.com/en_us/productpage.1350596002.html,https://image.hm.com/assets/hm/cd/6d/cd6d22f1d752c427062bb9f9109b96ecc86e6b09.jpg,H&M
1348799001,Sleeveless Wrap Top,H&M,Cream,9.99,9.99,9.99,USD,Available,False,False,True,ladies_tops,"M, S, XS",3,6,https://www2.hm.com/en_us/productpage.1348799001.html,https://image.hm.com/assets/hm/8f/52/8f5284dd6f45244f49c9e5b2b06526e1becea97d.jpg,H&M
1199249058,Wide-leg Joggers,H&M,Dark gray,19.99,19.99,19.99,USD,Available,False,False,True,ladies_basics_trousersleggings,"XXL, L, XL, S, M, XS",6,12,https://www2.hm.com/en_us/productpage.1199249058.html,https://image.hm.com/assets/hm/ab/07/ab074486bd6897dbd1a60b40ac3a945bce2b61fe.jpg,H&M
1350347001,Draped Halterneck Top,H&M,Light blue,19.99,19.99,19.99,USD,Available,False,True,True,ladies_tops_halterneck,"XS, S, M, L, XL, XXL",6,12,https://www2.hm.com/en_us/productpage.1350347001.html,https://image.hm.com/assets/hm/bc/a4/bca47264fe9ca75ab8c1a2242c81bdc38f7e0619.jpg,H&M
1354570002,Cotton-Blend Polo Shirt,H&M,Dark blue,24.99,24.99,24.99,USD,Available,False,True,True,ladies_tops_collared,"XL, L, M, S, XS",5,10,https://www2.hm.com/en_us/productpage.1354570002.html,https://image.hm.com/assets/hm/44/24/4424b3bc7234d1ae156e979375c76c3d9f11a568.jpg,H&M
1045459087,Harper High Rise Wide Leg Jeans,H&M,Dark denim blue,34.99,34.99,34.99,USD,Available,False,True,True,ladies_jeans_wide,"12, 10, 8, 6, 16, 14, 18, 4, 2, 0, 22, 20",12,24,https://www2.hm.com/en_us/productpage.1045459087.html,https://image.hm.com/assets/hm/9d/6f/9d6fc224fbe2b875b972f44ee57ae1c92701da94.jpg,H&M
0941666096,Mom Slim-Fit High-Waist Ankle Jeans,H&M,Dark dusty brown,34.99,34.99,34.99,USD,Available,False,True,True,ladies_jeans_cropped,"14, 16, 10, 12, 6, 8, 2, 4, 20, 0, 22, 18",12,24,https://www2.hm.com/en_us/productpage.0941666096.html,https://image.hm.com/assets/hm/5d/a6/5da667f5656ccf3db9e4fdd24bfbc824f2ab713a.jpg,H&M
1361179002,Cap-Sleeved Lace Top,H&M,White,22.99,22.99,22.99,USD,Available,False,True,True,ladies_tops_shortsleeve,"L, S, M, XS",4,8,https://www2.hm.com/en_us/productpage.1361179002.html,https://image.hm.com/assets/hm/11/1e/111e4f8414ffcba3d8bac3b7a5d423b9cf646a2c.jpg,H&M
1341964004,MAMA Ribbed Jersey T-Shirt,H&M,Dark brown,14.99,14.99,14.99,USD,Available,False,False,True,ladies_maternity_tops,"XS, S, M, L, XL, XXL",6,12,https://www2.hm.com/en_us/productpage.1341964004.html,https://image.hm.com/assets/hm/eb/d8/ebd82283e889e4ca508982c43a2075d5d0d75ae4.jpg,H&M
1322080002,Linen-Blend Resort Shirt,H&M,Light beige,29.99,29.99,29.99,USD,Available,False,False,True,ladies_premium_selection_tops,"XS, XXS, M, S, XL, L, XXL",7,14,https://www2.hm.com/en_us/productpage.1322080002.html,https://image.hm.com/assets/hm/56/db/56db3e25169176ad61b737fc4c8ea8ca1d2cbbcc.jpg,H&M
1350601001,Strap-Detail Wrap Skirt,H&M,Black,59.99,59.99,59.99,USD,Available,False,True,True,ladies_skirts_midiskirts,"18, 4, 2, 12, 10, 8, 6, 16, 14",9,18,https://www2.hm.com/en_us/productpage.1350601001.html,https://image.hm.com/assets/hm/27/f5/27f5617f4ea9a2692fd7707c144d1dfa0187eb14.jpg,H&M
1350357002,Lace Thong Bodysuit,H&M,White,24.99,24.99,24.99,USD,Available,False,True,True,ladies_tops_bodys,"XS, L, S, M",4,8,https://www2.hm.com/en_us/productpage.1350357002.html,https://image.hm.com/assets/hm/84/dd/84dd29bfa607e28352fa8cd5acffe46fc9389e11.jpg,H&M
1348879002,Draped Crinkled Top,H&M,Rust red,9.99,9.99,9.99,USD,Available,False,False,True,ladies_tops_turtleneck,"XS, M, S, XL, L",5,10,https://www2.hm.com/en_us/productpage.1348879002.html,https://image.hm.com/assets/hm/9b/6a/9b6a40a8363a899f39f4faf119a7e74e377d8163.jpg,H&M
1347093001,Stand-Up Collar Ponte Top,H&M,Black,9.99,9.99,9.99,USD,Available,False,False,True,ladies_tops_shortsleeve,"XL, L, XS, M, S",5,10,https://www2.hm.com/en_us/productpage.1347093001.html,https://image.hm.com/assets/hm/b8/01/b8015149a3d44e297d1213280bc04d0d3593c36e.jpg,H&M
1348995002,Crinkled Pull-On Pants,H&M,Dark brown,19.99,19.99,19.99,USD,Available,False,False,True,ladies_trousers_highwaisted,"S, XS, XL, L, M",5,10,https://www2.hm.com/en_us/productpage.1348995002.html,https://image.hm.com/assets/hm/2e/b3/2eb33cc2b09efda82b4d5cfd8f1d71803f465a82.jpg,H&M
1363829001,Bubble-Hem Crop Top,H&M,Cream,24.99,24.99,24.99,USD,Available,False,True,True,ladies_tops_croppedtops,"L, M",2,4,https://www2.hm.com/en_us/productpage.1363829001.html,https://image.hm.com/assets/hm/da/b3/dab381e84b9516e5a932ebb15f88b9ce2ad5cd58.jpg,H&M
1309848008,Barrel-Leg High-Waist Jeans,H&M,Light beige,39.99,39.99,39.99,USD,Available,False,False,True,ladies_jeans_barrel,"16, 14, 8, 6, 12, 10, 0, 20, 4, 2, 18",11,22,https://www2.hm.com/en_us/productpage.1309848008.html,https://image.hm.com/assets/hm/72/c7/72c76771393f7799494f7bbdae7fc8bd217a8122.jpg,H&M
1225768001,Long Cotton Shirt,H&M,White,24.99,24.99,24.99,USD,Available,False,False,True,ladies_shirtsblouses_shirts,"M, L",2,4,https://www2.hm.com/en_us/productpage.1225768001.html,https://image.hm.com/assets/hm/94/39/9439a1660a199819932c8f8902375400cf4e2251.jpg,H&M
1045459082,Harper High Rise Wide Leg Jeans,H&M,White,34.99,34.99,34.99,USD,Available,False,False,True,ladies_jeans_wide,"20, 18, 22, 6, 10, 8, 14, 12, 16",9,18,https://www2.hm.com/en_us/productpage.1045459082.html,https://image.hm.com/assets/hm/7b/e7/7be78d125644278444eb481e40d8ba5bbc8eb09d.jpg,H&M
1337544002,Denim Drawstring Pants,H&M,Light denim blue,29.99,29.99,29.99,USD,Available,False,False,True,ladies_jeans_wide,"L, M, S, XS",4,8,https://www2.hm.com/en_us/productpage.1337544002.html,https://image.hm.com/assets/hm/ed/13/ed135a1140791a6ad22e5d76ea34c737d224dd34.jpg,H&M
1296040024,Fitted Cotton T-Shirt,H&M,White/Golden Hour,9.99,9.99,9.99,USD,Available,False,False,True,ladies_tops_shortsleeve,"XXL, L, XL, S, M, XS",6,12,https://www2.hm.com/en_us/productpage.1296040024.html,https://image.hm.com/assets/hm/40/88/40880feba8093cca805f19e27572aca39c4a8052.jpg,H&M
1216645001,Wide-cut Pull-on Pants,H&M,Black,19.99,19.99,19.99,USD,Available,False,False,True,ladies_trousers_drawstring,"XL, L, XXL, XS, XXS, M, S",7,14,https://www2.hm.com/en_us/productpage.1216645001.html,https://image.hm.com/assets/hm/64/2a/642a34afd6e27ae5e42086dabc91c76ac9f44cfb.jpg,H&M
1342781001,Dressy Barrel-Leg Pants,H&M,Dark taupe,29.99,29.99,29.99,USD,Available,False,True,True,ladies_trousers_barrel,"8, 6, 4, 2, 10",5,10,https://www2.hm.com/en_us/productpage.1342781001.html,https://image.hm.com/assets/hm/c7/76/c77607d5493364988149ebc4c2fb0cfe2124162c.jpg,H&M
1348993001,Cap-Sleeved Crinkled Dress,H&M,Rust brown,24.99,24.99,24.99,USD,Available,False,False,True,ladies_dresses_mididresses,"L, XL, S, M, XS",5,10,https://www2.hm.com/en_us/productpage.1348993001.html,https://image.hm.com/assets/hm/55/46/554634fb344ffcbcb2c026fdb4134d0af44c949e.jpg,H&M
1350285001,Belted Linen-Blend Shorts,H&M,Cream,59.99,59.99,59.99,USD,Available,False,True,True,Ladies_shorts_highwaisted,"6, 8, 10, 2, 4",5,10,https://www2.hm.com/en_us/productpage.1350285001.html,https://image.hm.com/assets/hm/8a/5a/8a5aec0c621ffa762e8d07ee5cad6674d4496b5b.jpg,H&M
1260556035,Ribbed T-Shirt,H&M,Light dusty pink,9.99,9.99,9.99,USD,Available,False,False,True,ladies_basics_tops_shortsleeve,"S, XS, XXL, XL, L, M",6,12,https://www2.hm.com/en_us/productpage.1260556035.html,https://image.hm.com/assets/hm/d1/5e/d15e4394dac5ac895f321f73b55f9b038b6805b3.jpg,H&M
1365117004,Sleeveless Crêpe Dress,H&M,Light beige/polka dot,39.99,39.99,39.99,USD,Available,False,True,True,ladies_dresses_shortdresses,"XS, M, S, L",4,8,https://www2.hm.com/en_us/productpage.1365117004.html,https://image.hm.com/assets/hm/43/60/4360110f7de7aaac7fd07c79e9ecca49ed981a17.jpg,H&M
1338432004,Fine-Knit One-Shoulder Top,H&M,Dark brown,24.99,24.99,24.99,USD,Available,False,False,True,ladies_tops_knitted,"M, XL, L",3,6,https://www2.hm.com/en_us/productpage.1338432004.html,https://image.hm.com/assets/hm/44/63/446397428e78ffba4b4cad32b74633bb8f266d8d.jpg,H&M
1347697003,Strappy Top,H&M,Cream,14.99,14.99,14.99,USD,Available,False,True,True,ladies_tops_vests,"XS, M, S, L",4,8,https://www2.hm.com/en_us/productpage.1347697003.html,https://image.hm.com/assets/hm/80/d5/80d5840c794c1416a1c8aad6839a2d51d2837a2e.jpg,H&M
1348870002,Cowl-Neck Satin Blouse,H&M,Ivory,29.99,29.99,29.99,USD,Available,False,True,True,ladies_shirtsblouses_blouses,"S, XS, L, M, XL",5,10,https://www2.hm.com/en_us/productpage.1348870002.html,https://image.hm.com/assets/hm/23/b7/23b79e6eff018477b34a41dd5236440262ad430a.jpg,H&M
1359542001,2-Piece Cotton Sweatshirt and Sweatpants Set,H&M,Black,34.99,34.99,34.99,USD,Available,False,True,True,ladies_basics_tops_longsleeve,"XXL, XL, L, M, S, XS",6,12,https://www2.hm.com/en_us/productpage.1359542001.html,https://image.hm.com/assets/hm/01/bd/01bd210ea162d8cba197ecba9ea4a47f31c2498a.jpg,H&M
1349203001,Cotton Blouse with Scarf Collar,H&M,Black/pinstriped,39.99,39.99,39.99,USD,Available,False,True,True,ladies_shirtsblouses_blouses,"M, L, XS, S",4,8,https://www2.hm.com/en_us/productpage.1349203001.html,https://image.hm.com/assets/hm/ef/cc/efcce964a47ef9ad1fe8ea50a1758b065db5d54c.jpg,H&M
1206002028,Seamless Padded Soft-cup Bra,H&M,Black,12.99,12.99,12.99,USD,Available,False,False,True,ladies_lingerie_bras_padded,"XL, M, L, XS, S",5,10,https://www2.hm.com/en_us/productpage.1206002028.html,https://image.hm.com/assets/hm/b6/68/b668b5475a4bea4cc8d12f703111c796684be9cc.jpg,H&M
1321655001,Hooded Jacket,H&M,Black,27.99,27.99,27.99,USD,Available,False,False,True,ladies_basics_tops_longsleeve,"XL, L, XXL, XS, M, S",6,12,https://www2.hm.com/en_us/productpage.1321655001.html,https://image.hm.com/assets/hm/fb/18/fb18a4541362381c9710f2dd905442c968c0ccb7.jpg,H&M
1363579001,Flounced Scarf-Collar Blouse,H&M,Pink,29.99,29.99,29.99,USD,Available,False,True,True,ladies_shirtsblouses_blouses,"M, L, XS, S",4,8,https://www2.hm.com/en_us/productpage.1363579001.html,https://image.hm.com/assets/hm/71/d7/71d744e132fbae231e814033d9fe092386b79e1a.jpg,H&M
1343015003,Jersey Halterneck Top,H&M,Yellow,19.99,19.99,19.99,USD,Available,False,True,True,ladies_tops_halterneck,"M, S, XS, L",4,8,https://www2.hm.com/en_us/productpage.1343015003.html,https://image.hm.com/assets/hm/c4/73/c47384ff6d4c555f9065376f3dd42f4ee6b37fa5.jpg,H&M
1346837004,Embroidered Cotton Cap,H&M,Beige/The New Yorker,22.99,22.99,22.99,USD,Available,False,True,True,ladies_accessories_hats_caps,"XS/S, M/L",2,4,https://www2.hm.com/en_us/productpage.1346837004.html,https://image.hm.com/assets/hm/89/85/89856199282af6b698b403fd7b48e2676f547ee0.jpg,H&M
1351166001,Oversized Balloon-Sleeved Blouse,H&M,Cream/patterned,37.99,37.99,37.99,USD,Available,False,True,True,ladies_shirtsblouses_blouses,"XS, M, S, XL, L",5,10,https://www2.hm.com/en_us/productpage.1351166001.html,https://image.hm.com/assets/hm/c0/1a/c01a561b9f3ad18989b746cb7579c0fd01241abb.jpg,H&M
1365104002,Balloon-Sleeved Blouse,H&M,Cream/floral,29.99,29.99,29.99,USD,Available,False,True,True,ladies_shirtsblouses_blouses,"S, M, L, XL, XS",5,10,https://www2.hm.com/en_us/productpage.1365104002.html,https://image.hm.com/assets/hm/e1/f8/e1f890d5af66aabb03bd3170efb1ad27ec86d86e.jpg,H&M
1357967002,Viscose-Blend Cape,H&M,Dark brown,19.99,19.99,19.99,USD,Available,False,True,True,ladies_tops_knitted,"XXL, XL, L, M, S, XS",6,12,https://www2.hm.com/en_us/productpage.1357967002.html,https://image.hm.com/assets/hm/d6/58/d65852735efe0a67c0f748ddfa853ebe31634981.jpg,H&M
1349075001,Asymmetric Tie-Detail Dress,H&M,Dark plum purple,24.99,24.99,24.99,USD,Available,False,False,True,ladies_dresses_draped,"XS, L, XL, S, M",5,10,https://www2.hm.com/en_us/productpage.1349075001.html,https://image.hm.com/assets/hm/3c/ab/3cab3d832f53620c502750083229dfbc06bdb9a6.jpg,H&M
1260556039,Ribbed T-Shirt,H&M,Dark gray,9.99,9.99,9.99,USD,Available,False,False,True,ladies_basics_tops_shortsleeve,"L, M, XXL, XL, S, XS",6,12,https://www2.hm.com/en_us/productpage.1260556039.html,https://image.hm.com/assets/hm/fd/11/fd114067be3a9aae098b01888f388a3c9e2f3b91.jpg,H&M
1239334025,Cap-sleeved Dress,H&M,Black,24.99,24.99,24.99,USD,Available,False,False,True,ladies_dresses_bodycon,"XS, S, M, L, XL",5,10,https://www2.hm.com/en_us/productpage.1239334025.html,https://image.hm.com/assets/hm/1b/c7/1bc7f5a4d411d2b45c6fc10c102e609da627b798.jpg,H&M
1351938002,Batwing-Sleeved Viscose Top,H&M,Cream,19.99,19.99,19.99,USD,Available,False,False,True,ladies_basics_tops_longsleeve,"M, S, XL, L, XXL",5,10,https://www2.hm.com/en_us/productpage.1351938002.html,https://image.hm.com/assets/hm/c0/5e/c05e6063e142ba23419d298f4a2f2dd2b37e44f1.jpg,H&M
1358809001,Lace-Trimmed Socks,H&M,White,14.99,14.99,14.99,USD,Available,False,True,True,ladies_sockstights_socks_ankle,"8-10, 5-7",2,4,https://www2.hm.com/en_us/productpage.1358809001.html,https://image.hm.com/assets/hm/35/e9/35e9735734ed4819abcca2d509f717ba8d58c04c.jpg,H&M
1348991001,Draped Asymmetric Top,H&M,Light yellow,14.99,14.99,14.99,USD,Available,False,False,True,ladies_tops,"XS, XL, S",3,6,https://www2.hm.com/en_us/productpage.1348991001.html,https://image.hm.com/assets/hm/98/7a/987a66286861023fba836639f7ec584cf4d10ab9.jpg,H&M
1351773001,Slacks,H&M,Black,19.99,19.99,19.99,USD,Available,False,True,True,ladies_trousers_chinosslacks,"L, XL, S, M, XS",5,10,https://www2.hm.com/en_us/productpage.1351773001.html,https://image.hm.com/assets/hm/ee/5d/ee5db981080f7b28e48524c0cd28b48b7729be87.jpg,H&M
1343852002,Cheeky Bikini Bottoms,H&M,Plum pink,19.99,19.99,19.99,USD,Available,False,True,True,ladies_swimwear_bikinisets_bottoms,"S, M, L, XL, XS",5,10,https://www2.hm.com/en_us/productpage.1343852002.html,https://image.hm.com/assets/hm/c2/81/c281148cd12c0b0b61e4e93fdee47044bfbd928f.jpg,H&M
